Type 4 ID,Type 4 Filename,Record ID,Model ID,Type,RefA,Aux
0x06a8bccb,735596.4.bin,0x0766109b,0x84385ae4,0x00380300,0x73f4a8e1,0x00000000
0x06a8bccb,735596.4.bin,0x0f925cab,0xba8a0448,0x0a3c3500,0x0f925cab,0x00000000
0x06a8bccb,735596.4.bin,0x10588dfe,0x512f3e8b,0x00380100,0x10588dfe,0x4717142d
0x06a8bccb,735596.4.bin,0x11985e02,0x6b078f15,0x00380500,0xa774bf57,0x00000000
0x06a8bccb,735596.4.bin,0x16b0060f,0xc93be868,0x0a3b2a00,0x16b0060f,0xdf03c2ce
0x06a8bccb,735596.4.bin,0x171f5f58,0x3b90013e,0x0a45c000,0xd58bb63d,0x00000000
0x06a8bccb,735596.4.bin,0x1d489ffa,0x96eb9269,0x0a45c000,0xa45d2f4d,0x00000000
0x06a8bccb,735596.4.bin,0x256bcad6,0x001e671c,0x0a3b2d00,0x256bcad6,0x16264dba
0x06a8bccb,735596.4.bin,0x2a2b0964,0x96c07daa,0x0a3b2c00,0x2a2b0964,0x80f8570c
0x06a8bccb,735596.4.bin,0x2e293027,0xb8e211b4,0x0a3adf00,0x2e293027,0xaeda3b12
0x06a8bccb,735596.4.bin,0x344eff50,0xc28dbe6f,0x0a3b2800,0x344eff50,0xd4b594c9
0x06a8bccb,735596.4.bin,0x36940b07,0x24d8c2fa,0x0a3c3500,0x36940b07,0x00000000
0x06a8bccb,735596.4.bin,0x53a01f34,0x1243d993,0x00380100,0x53a01f34,0x047bf335
0x06a8bccb,735596.4.bin,0x572f7778,0x63090790,0x0a3b2c00,0x572f7778,0x75312d36
0x06a8bccb,735596.4.bin,0x5bdb0233,0xa4d2c149,0x00000000,0x5bdb0233,0x00000000
0x06a8bccb,735596.4.bin,0x5e8c5f40,0x442619a2,0x00380100,0x7039af79,0x00000000
0x06a8bccb,735596.4.bin,0x652c3db4,0xbf502945,0x00000000,0xdeeca4c1,0xa96803e3
0x06a8bccb,735596.4.bin,0x6572bcfb,0xfe16b96a,0x00000000,0x6572bcfb,0xe82e93cc
0x06a8bccb,735596.4.bin,0x67e9eb41,0x4b10597f,0x00000000,0x67e9eb41,0x5d2873d9
0x06a8bccb,735596.4.bin,0x682e3da0,0xc62bb164,0x00000000,0x682e3da0,0xd0139bc2
0x06a8bccb,735596.4.bin,0x68916db5,0x0defce9d,0x00000000,0x68916db5,0x00000000
0x06a8bccb,735596.4.bin,0x68ef1f90,0x09edba1a,0x0a3b2800,0x68ef1f90,0x1fd590bc
0x06a8bccb,735596.4.bin,0x6c1c6c71,0x7863d66f,0x0a484b00,0xf57bbe8e,0x00000000
0x06a8bccb,735596.4.bin,0x714d74d0,0xa24c29f6,0x00000000,0x714d74d0,0xb4740350
0x06a8bccb,735596.4.bin,0x72f831f4,0x62be501f,0x00380100,0x1228f75f,0x00000000
0x06a8bccb,735596.4.bin,0x78bd5c4c,0x81d3c415,0x00000000,0x78bd5c4c,0x97ebeeb3
0x06a8bccb,735596.4.bin,0x81aa07b7,0xc33d2df8,0x0a45c000,0xc92a40bb,0x00000000
0x06a8bccb,735596.4.bin,0x822067cb,0x03b81854,0x00380500,0x02cd7740,0x00000000
0x06a8bccb,735596.4.bin,0x83aa4eb0,0x66dbfc08,0x0a45c000,0x15c918a4,0x00000000
0x06a8bccb,735596.4.bin,0x8ef65ddc,0xa6b72ce0,0x00380300,0x8ef65ddc,0xb08f0646
0x06a8bccb,735596.4.bin,0x8f424011,0xd6123125,0x00000000,0x8f424011,0xc02a1b83
0x06a8bccb,735596.4.bin,0x9098183f,0x32293880,0x0a45c000,0xbc921aa6,0x00000000
0x06a8bccb,735596.4.bin,0x9478e8bf,0xa861c87d,0x0a40e000,0x3f1490d4,0x00000000
0x06a8bccb,735596.4.bin,0x94c16510,0xe5fb4b0f,0x0a3c3500,0x94c16510,0x00000000
0x06a8bccb,735596.4.bin,0x95057d60,0xde24c442,0x0a3c4300,0x95057d60,0x00000000
0x06a8bccb,735596.4.bin,0x9716e10a,0xa343e053,0x00000000,0x9716e10a,0xb57bcaf5
0x06a8bccb,735596.4.bin,0x9dd8ec97,0xfaf37ed6,0x00380100,0xd6764cdb,0x00000000
0x06a8bccb,735596.4.bin,0x9e7269ed,0x984a8016,0x00380100,0xb57c6e4c,0x8e72aab0
0x06a8bccb,735596.4.bin,0xa0b4cce3,0xac78bc73,0x00000000,0xa0b4cce3,0xba4096d5
0x06a8bccb,735596.4.bin,0xa16af65a,0x784b0ec7,0x00000000,0xa16af65a,0x6e732461
0x06a8bccb,735596.4.bin,0xaf1e269e,0x8b8df0df,0x00000000,0xaf1e269e,0x9db5da79
0x06a8bccb,735596.4.bin,0xb3492920,0xab1bb70a,0x00380100,0xb3492920,0x00000000
0x06a8bccb,735596.4.bin,0xb5afd344,0xa86cbe93,0x00000000,0xb5afd344,0x00000000
0x06a8bccb,735596.4.bin,0xb6718863,0xbd9aa11d,0x00380100,0xda25a0c0,0x00000000
0x06a8bccb,735596.4.bin,0xb8738007,0x6577721d,0x0a3b2a00,0xb8738007,0x734f58bb
0x06a8bccb,735596.4.bin,0xb89a5bf0,0xd6e2d156,0x00380400,0x480b6963,0x00000000
0x06a8bccb,735596.4.bin,0xbb623b8f,0x1c8bc0fe,0x00000000,0xbb623b8f,0x0ab3ea58
0x06a8bccb,735596.4.bin,0xbbc51af4,0xf7867577,0x0a3b2d00,0xbbc51af4,0xe1be5fd1
0x06a8bccb,735596.4.bin,0xbf8fdbaa,0x462fb076,0x00380300,0x739fd0e4,0x50179ad0
0x06a8bccb,735596.4.bin,0xbf8fdbaa,0xb240fbbb,0x00000000,0xbfc84f31,0x00000000
0x06a8bccb,735596.4.bin,0xc1a135cd,0x5f1bab0e,0x00000000,0xc1a135cd,0x492381a8
0x06a8bccb,735596.4.bin,0xc1daa320,0x806c1f68,0x0a3b2c00,0xc1daa320,0x00000000
0x06a8bccb,735596.4.bin,0xc8827230,0x8d1ca536,0x0a3b1800,0xc8827230,0x9b248f90
0x06a8bccb,735596.4.bin,0xcca3bbcb,0xf75df0ee,0x0a484d00,0xbfc1cce6,0x00000000
0x06a8bccb,735596.4.bin,0xd5c3b623,0x933523be,0x00000000,0xd5c3b623,0x850d0918
0x06a8bccb,735596.4.bin,0xdaf809c4,0x4616635f,0x0a45c000,0x459866d7,0x00000000
0x06a8bccb,735596.4.bin,0xdf06ef4c,0xd7aee14d,0x00380100,0xdf06ef4c,0xc196cbeb
0x06a8bccb,735596.4.bin,0xe08f352c,0xef10fad4,0x00380100,0x0a79cbb2,0x00000000
0x06a8bccb,735596.4.bin,0xe08f352c,0xfa13829d,0x00000000,0x80a9eb10,0xec2ba83b
0x06a8bccb,735596.4.bin,0xe51264e1,0xecb84d74,0x0a45c000,0x551603dc,0x00000000
0x06a8bccb,735596.4.bin,0xe5667bf5,0x8a9394bf,0x0a3b2b00,0xe5667bf5,0x00000000
0x06a8bccb,735596.4.bin,0xe999b707,0x26677aa8,0x00380100,0x8851f2cd,0x305f500e
0x06a8bccb,735596.4.bin,0xe999b707,0xef10fad4,0x00000000,0xd468fb0a,0x00000000
0x06a8bccb,735596.4.bin,0xea00e970,0x6af0feed,0x0a3b2800,0xea00e970,0x7cc8d44b
0x06a8bccb,735596.4.bin,0xeb932047,0x14c611ec,0x0a3b2900,0xeb932047,0x02fe3b4a
0x06a8bccb,735596.4.bin,0xefd744c7,0xe7d209a8,0x0a40e000,0xafe8a95a,0x00000000
0x06a8bccb,735596.4.bin,0xf49272e5,0x0e2af299,0x00000000,0xf49272e5,0x1812d83f
0x06a8bccb,735596.4.bin,0xf9fc9947,0xc2a364f7,0x00000000,0xe0a48f51,0x00000000
0x06a8bccb,735596.4.bin,0xfbeb6e78,0x7f0661b2,0x00000000,0xfbeb6e78,0x693e4b14
0x06a8bccb,735596.4.bin,0xfda2fc8f,0x630f9c99,0x00000000,0xfda2fc8f,0x7537b63f
0x07608e5a,737804.4.bin,0x02064d22,0x9ccb3932,0x00380100,0x02064d22,0x8af31394
0x07608e5a,737804.4.bin,0x0608c07b,0x2f8fdaaa,0x00000000,0x0608c07b,0x39b7f00c
0x07608e5a,737804.4.bin,0x0766109b,0x84385ae4,0x00380100,0x73f4a8e1,0x00000000
0x07608e5a,737804.4.bin,0x0c4e052d,0x2e6112bf,0x0a1d9500,0x0c4e052d,0x00000000
0x07608e5a,737804.4.bin,0x0d77b36f,0xb1229935,0x08034900,0x0d77b36f,0xa71ab393
0x07608e5a,737804.4.bin,0x11985e02,0x6b078f15,0x00380100,0xa774bf57,0x00000000
0x07608e5a,737804.4.bin,0x127bfc43,0xfb177833,0x00000000,0x127bfc43,0xed2f5295
0x07608e5a,737804.4.bin,0x14a10735,0x40d2dedc,0x00000000,0x14a10735,0x56eaf47a
0x07608e5a,737804.4.bin,0x171f5f58,0x3b90013e,0x00380100,0xd58bb63d,0x00000000
0x07608e5a,737804.4.bin,0x1858a37e,0x8ef48cbd,0x00380100,0x1858a37e,0x98cca61b
0x07608e5a,737804.4.bin,0x1ac9bbb1,0x3d367676,0x00000000,0x1ac9bbb1,0x2b0e5cd0
0x07608e5a,737804.4.bin,0x1d489ffa,0x96eb9269,0x00380100,0xa45d2f4d,0x00000000
0x07608e5a,737804.4.bin,0x22555bf7,0x8419282e,0x00380100,0xb0ec1c9c,0x00000000
0x07608e5a,737804.4.bin,0x28498919,0x37a0fef1,0x00000000,0x28498919,0x2198d457
0x07608e5a,737804.4.bin,0x2c148393,0x00000000,0x00000000,0x2c148393,0x00000000
0x07608e5a,737804.4.bin,0x2de15520,0xa4b24fb8,0x00380100,0x2de15520,0xb28a651e
0x07608e5a,737804.4.bin,0x3132c410,0xc7d1066a,0x00380100,0x3132c410,0xd1e92ccc
0x07608e5a,737804.4.bin,0x31f7564c,0x24a29756,0x00380100,0x31f7564c,0x329abdf0
0x07608e5a,737804.4.bin,0x33e0f91b,0xf94118fe,0x01b2fb00,0x33e0f91b,0xef793258
0x07608e5a,737804.4.bin,0x36940b07,0x24d8c2fa,0x00000000,0x36940b07,0x00000000
0x07608e5a,737804.4.bin,0x37141b4d,0x1fbe267f,0x071f3f00,0x37141b4d,0x09860cd9
0x07608e5a,737804.4.bin,0x38dabdf5,0xb6729caa,0x00380100,0x38dabdf5,0xa04ab60c
0x07608e5a,737804.4.bin,0x397bb1f1,0x60ec6ddd,0x0a2f1b00,0x397bb1f1,0x00000000
0x07608e5a,737804.4.bin,0x3ac68288,0x4249a10e,0x00380100,0x3ac68288,0x54718ba8
0x07608e5a,737804.4.bin,0x3b94f202,0xc1067c46,0x01b2bc00,0x3b94f202,0x00000000
0x07608e5a,737804.4.bin,0x3f6525dd,0xcd4901fd,0x00380100,0x3f6525dd,0xdb712b5b
0x07608e5a,737804.4.bin,0x4d1ab8ac,0x8d1a6822,0x00000000,0x4d1ab8ac,0x9b224284
0x07608e5a,737804.4.bin,0x4d960098,0x2e15e413,0x00380100,0xa3a4321a,0x00000000
0x07608e5a,737804.4.bin,0x553afca1,0x8d5e865d,0x0a2f1e00,0x553afca1,0x9b66acfb
0x07608e5a,737804.4.bin,0x572ad17b,0x2f096eca,0x00000000,0x572ad17b,0x00000000
0x07608e5a,737804.4.bin,0x581ab137,0x8c91e142,0x00ff7a00,0x581ab137,0x00000000
0x07608e5a,737804.4.bin,0x5a438ff8,0x6e9e9471,0x00380100,0x5a438ff8,0x78a6bed7
0x07608e5a,737804.4.bin,0x5a97743a,0x98622745,0x00d0bd00,0x52f33648,0x00000000
0x07608e5a,737804.4.bin,0x5e91b6be,0xd08e3934,0x00000000,0x5e91b6be,0xc6b61392
0x07608e5a,737804.4.bin,0x645d1a16,0xa13d6122,0x00000000,0x645d1a16,0xb7054b84
0x07608e5a,737804.4.bin,0x652c3db4,0xbf502945,0x00000000,0xdeeca4c1,0xa96803e3
0x07608e5a,737804.4.bin,0x6643a56f,0xc73fabcc,0x00000000,0x6643a56f,0xd107816a
0x07608e5a,737804.4.bin,0x693ec7bc,0xa753670b,0x09509700,0x693ec7bc,0xb16b4dad
0x07608e5a,737804.4.bin,0x6c1c6c71,0x7863d66f,0x094f8500,0xf57bbe8e,0x00000000
0x07608e5a,737804.4.bin,0x6ee326ec,0x7dbea1da,0x00380100,0x6ee326ec,0x6b868b7c
0x07608e5a,737804.4.bin,0x72017dae,0x6ec7a7f2,0x00380100,0x5986ee1e,0x00000000
0x07608e5a,737804.4.bin,0x72f831f4,0x62be501f,0x0951b900,0x1228f75f,0x00000000
0x07608e5a,737804.4.bin,0x79902933,0x50a635b7,0x076bb900,0x79902933,0x469e1f11
0x07608e5a,737804.4.bin,0x79c7023c,0xde430c88,0x00000000,0x79c7023c,0xc87b262e
0x07608e5a,737804.4.bin,0x805f7715,0x32b64004,0x00000000,0x805f7715,0x00000000
0x07608e5a,737804.4.bin,0x81aa07b7,0xc33d2df8,0x00380100,0xc92a40bb,0x00000000
0x07608e5a,737804.4.bin,0x83aa4eb0,0x66dbfc08,0x00380100,0x15c918a4,0x00000000
0x07608e5a,737804.4.bin,0x83b88a25,0xd6e2d156,0x00380100,0xc6386e7c,0x00000000
0x07608e5a,737804.4.bin,0x84204826,0xc1d09bdf,0x00380100,0x7ee4a941,0xd7e8b179
0x07608e5a,737804.4.bin,0x84204826,0xa6b9b4c7,0x00380100,0xe1add1bd,0x00000000
0x07608e5a,737804.4.bin,0x84204826,0xef10fad4,0x00380100,0xf20dc7b1,0x00000000
0x07608e5a,737804.4.bin,0x857a37a4,0x5738e448,0x00000000,0x857a37a4,0x4100ceee
0x07608e5a,737804.4.bin,0x8d59156c,0x6c7dcc23,0x00380100,0x8d59156c,0x00000000
0x07608e5a,737804.4.bin,0x9098183f,0x32293880,0x00380100,0xbc921aa6,0x00000000
0x07608e5a,737804.4.bin,0x927b251f,0xd1cae624,0x00380100,0xdda0987e,0x00000000
0x07608e5a,737804.4.bin,0x944af4be,0xef10fad4,0x00380100,0x530daae3,0x00000000
0x07608e5a,737804.4.bin,0x944af4be,0x3b66435f,0x00380100,0x58c70cd7,0x00000000
0x07608e5a,737804.4.bin,0x9478e8bf,0xa861c87d,0x00380100,0x3f1490d4,0x00000000
0x07608e5a,737804.4.bin,0x96b54794,0xf46e9681,0x00380100,0x96b54794,0xe256bc27
0x07608e5a,737804.4.bin,0x9ab8dacb,0xb67ece3b,0x00380100,0x9ab8dacb,0xa046e49d
0x07608e5a,737804.4.bin,0x9dd8ec97,0xfaf37ed6,0x00380100,0xd6764cdb,0x00000000
0x07608e5a,737804.4.bin,0xa41b7c5d,0x3fce5862,0x009ffc00,0xa41b7c5d,0x29f672c4
0x07608e5a,737804.4.bin,0xaf1e269e,0x8b8df0df,0x00e61e00,0xaf1e269e,0x9db5da79
0x07608e5a,737804.4.bin,0xb586d710,0xb2d31abe,0x00380100,0xb586d710,0xa4eb3018
0x07608e5a,737804.4.bin,0xb6718863,0xbd9aa11d,0x00380100,0xda25a0c0,0x00000000
0x07608e5a,737804.4.bin,0xb87ad46f,0xf4f4477b,0x09509b00,0xb87ad46f,0xe2cc6ddd
0x07608e5a,737804.4.bin,0xb89a5bf0,0xd6e2d156,0x00380100,0x480b6963,0x00000000
0x07608e5a,737804.4.bin,0xbb84b406,0xbf42caac,0x00380100,0xe14567cb,0x00000000
0x07608e5a,737804.4.bin,0xbf8fdbaa,0x462fb076,0x00380100,0x739fd0e4,0x50179ad0
0x07608e5a,737804.4.bin,0xbf8fdbaa,0xb240fbbb,0x00000000,0xbfc84f31,0x00000000
0x07608e5a,737804.4.bin,0xc171775f,0x15c7f38d,0x00000000,0xc171775f,0x03ffd92b
0x07608e5a,737804.4.bin,0xcadc58c6,0xc996b0b5,0x0a17b200,0xcadc58c6,0xdfae9a13
0x07608e5a,737804.4.bin,0xcca3bbcb,0xf75df0ee,0x0803a500,0xbfc1cce6,0x00000000
0x07608e5a,737804.4.bin,0xcebc5276,0x6fd91db3,0x00380100,0xcebc5276,0x79e13715
0x07608e5a,737804.4.bin,0xd27719ff,0x792377c2,0x00000000,0xd27719ff,0x6f1b5d64
0x07608e5a,737804.4.bin,0xdaf809c4,0x4616635f,0x00380100,0x459866d7,0x00000000
0x07608e5a,737804.4.bin,0xdde605ce,0x6381bf1b,0x08617500,0xdde605ce,0x00000000
0x07608e5a,737804.4.bin,0xe08f352c,0xef10fad4,0x00000000,0x0a79cbb2,0x00000000
0x07608e5a,737804.4.bin,0xe08f352c,0xfa13829d,0x00000000,0x80a9eb10,0xec2ba83b
0x07608e5a,737804.4.bin,0xe0cb7c23,0xc9e593ef,0x00380100,0xe0cb7c23,0xdfddb949
0x07608e5a,737804.4.bin,0xe51264e1,0xecb84d74,0x00380100,0x551603dc,0x00000000
0x07608e5a,737804.4.bin,0xe999b707,0x26677aa8,0x00380100,0x8851f2cd,0x305f500e
0x07608e5a,737804.4.bin,0xe999b707,0xef10fad4,0x00000000,0xd468fb0a,0x00000000
0x07608e5a,737804.4.bin,0xeaca1515,0x7acd777d,0x00000000,0xeaca1515,0x6cf55ddb
0x07608e5a,737804.4.bin,0xeb3f3abb,0x4c7d348b,0x00380100,0xeb3f3abb,0x5a451e2d
0x07608e5a,737804.4.bin,0xefd744c7,0xe7d209a8,0x00380100,0xafe8a95a,0x00000000
0x07608e5a,737804.4.bin,0xfbeb6e78,0x7f0661b2,0x0a32ec00,0xfbeb6e78,0x693e4b14
0x07608e5a,737804.4.bin,0xfc18ed13,0xaa86da3d,0x00000000,0xfc18ed13,0xbcbef09b
0x0cb33492,1104104.4.bin,0x00453f22,0x85d59ad4,0x00000000,0x00453f22,0x93edb072
0x0cb33492,1104104.4.bin,0x02064d22,0x9ccb3932,0x00000000,0x02064d22,0x8af31394
0x0cb33492,1104104.4.bin,0x05a1d5d0,0xcaae9512,0x00000000,0x05a1d5d0,0xdc96bfb4
0x0cb33492,1104104.4.bin,0x0608c07b,0x2f8fdaaa,0x00000000,0x0608c07b,0x39b7f00c
0x0cb33492,1104104.4.bin,0x0766109b,0x84385ae4,0x00380100,0x73f4a8e1,0x00000000
0x0cb33492,1104104.4.bin,0x08126717,0x0a3d1e0d,0x0a467000,0x08126717,0x1c0534ab
0x0cb33492,1104104.4.bin,0x0a86d48c,0x8e5ad5b9,0x00380100,0x0a86d48c,0x9862ff1f
0x0cb33492,1104104.4.bin,0x0d77b36f,0xb1229935,0x0a466f00,0x0d77b36f,0xa71ab393
0x0cb33492,1104104.4.bin,0x11985e02,0x6b078f15,0x00380100,0xa774bf57,0x00000000
0x0cb33492,1104104.4.bin,0x127bfc43,0xfb177833,0x00000000,0x127bfc43,0xed2f5295
0x0cb33492,1104104.4.bin,0x171f5f58,0x3b90013e,0x0a485000,0xd58bb63d,0x00000000
0x0cb33492,1104104.4.bin,0x1858a37e,0x8ef48cbd,0x00000000,0x1858a37e,0x98cca61b
0x0cb33492,1104104.4.bin,0x1ac9bbb1,0x3d367676,0x0a477a00,0x1ac9bbb1,0x2b0e5cd0
0x0cb33492,1104104.4.bin,0x1d489ffa,0x96eb9269,0x00000000,0xa45d2f4d,0x00000000
0x0cb33492,1104104.4.bin,0x220bf0c5,0x70632ec2,0x00380100,0xe4012c57,0x00000000
0x0cb33492,1104104.4.bin,0x22555bf7,0x8419282e,0x00380100,0xb0ec1c9c,0x00000000
0x0cb33492,1104104.4.bin,0x28498919,0x37a0fef1,0x00000000,0x28498919,0x2198d457
0x0cb33492,1104104.4.bin,0x2de15520,0xa4b24fb8,0x00380100,0x2de15520,0xb28a651e
0x0cb33492,1104104.4.bin,0x3174ba7e,0x3b2897a8,0x00380100,0x3174ba7e,0x00000000
0x0cb33492,1104104.4.bin,0x31f7564c,0x24a29756,0x00000000,0x31f7564c,0x329abdf0
0x0cb33492,1104104.4.bin,0x32ba3239,0xe9317314,0x00380100,0x32ba3239,0x00000000
0x0cb33492,1104104.4.bin,0x3692ba0d,0x6fe64b4f,0x00000000,0x3692ba0d,0x79de61e9
0x0cb33492,1104104.4.bin,0x37141b4d,0x1fbe267f,0x0a467100,0x37141b4d,0x09860cd9
0x0cb33492,1104104.4.bin,0x376bf58a,0x8bfec218,0x00000000,0x376bf58a,0x00000000
0x0cb33492,1104104.4.bin,0x469faae8,0x694a1cea,0x00000000,0x469faae8,0x7f72364c
0x0cb33492,1104104.4.bin,0x49c8a8de,0x8cce6a83,0x00380100,0x49c8a8de,0x9af64025
0x0cb33492,1104104.4.bin,0x4baafe84,0xcad9f527,0x00000000,0xe0618dcc,0x00000000
0x0cb33492,1104104.4.bin,0x4d1ab8ac,0x8d1a6822,0x00380100,0x4d1ab8ac,0x9b224284
0x0cb33492,1104104.4.bin,0x4fbd80e8,0x7e703cc2,0x00000000,0x4fbd80e8,0x68481664
0x0cb33492,1104104.4.bin,0x51ae3e70,0x71778f31,0x00380100,0x51ae3e70,0x674fa597
0x0cb33492,1104104.4.bin,0x553afca1,0x8d5e865d,0x0a467100,0x553afca1,0x9b66acfb
0x0cb33492,1104104.4.bin,0x572ad17b,0x2f096eca,0x00000000,0x572ad17b,0x00000000
0x0cb33492,1104104.4.bin,0x581ab137,0x8c91e142,0x00000000,0x581ab137,0x00000000
0x0cb33492,1104104.4.bin,0x58326b33,0x536491dc,0x0a466e00,0x58326b33,0x00000000
0x0cb33492,1104104.4.bin,0x5908615f,0x17f1ee63,0x00000000,0x5908615f,0x01c9c4c5
0x0cb33492,1104104.4.bin,0x5a438ff8,0x6e9e9471,0x00000000,0x5a438ff8,0x78a6bed7
0x0cb33492,1104104.4.bin,0x5bdb0233,0xa4d2c149,0x00000000,0x5bdb0233,0x00000000
0x0cb33492,1104104.4.bin,0x5cc811f7,0x8b87205e,0x00000000,0x5cc811f7,0x9dbf0af8
0x0cb33492,1104104.4.bin,0x5e91b6be,0xd08e3934,0x00000000,0x5e91b6be,0xc6b61392
0x0cb33492,1104104.4.bin,0x645d1a16,0xa13d6122,0x0a467000,0x645d1a16,0xb7054b84
0x0cb33492,1104104.4.bin,0x652c3db4,0xbf502945,0x00000000,0xdeeca4c1,0xa96803e3
0x0cb33492,1104104.4.bin,0x65c0d022,0xaab57803,0x00000000,0x65c0d022,0xbc8d52a5
0x0cb33492,1104104.4.bin,0x693ec7bc,0xa753670b,0x00000000,0x693ec7bc,0xb16b4dad
0x0cb33492,1104104.4.bin,0x6c1c6c71,0x7863d66f,0x0a4bdb00,0xf57bbe8e,0x00000000
0x0cb33492,1104104.4.bin,0x72f831f4,0x62be501f,0x00380100,0x1228f75f,0x00000000
0x0cb33492,1104104.4.bin,0x75b7dc6c,0x4f807497,0x00380100,0x6c32a2a5,0x00000000
0x0cb33492,1104104.4.bin,0x79902933,0x50a635b7,0x00380100,0x79902933,0x469e1f11
0x0cb33492,1104104.4.bin,0x7e65ac01,0x3e7d8184,0x00000000,0x7e65ac01,0x2845ab22
0x0cb33492,1104104.4.bin,0x80477923,0x80d3309a,0x00000000,0x80477923,0x96eb1a3c
0x0cb33492,1104104.4.bin,0x81604830,0xc119ec18,0x00380100,0x81604830,0xd721c6be
0x0cb33492,1104104.4.bin,0x81aa07b7,0xc33d2df8,0x0a485000,0xc92a40bb,0x00000000
0x0cb33492,1104104.4.bin,0x8335b1b0,0xd27d486b,0x0a466f00,0x8335b1b0,0x00000000
0x0cb33492,1104104.4.bin,0x83aa4eb0,0x66dbfc08,0x00000000,0x15c918a4,0x00000000
0x0cb33492,1104104.4.bin,0x83b88a25,0xd6e2d156,0x00380100,0xc6386e7c,0x00000000
0x0cb33492,1104104.4.bin,0x84204826,0xc1d09bdf,0x00380100,0x7ee4a941,0xd7e8b179
0x0cb33492,1104104.4.bin,0x84204826,0xa6b9b4c7,0x00380100,0xe1add1bd,0x00000000
0x0cb33492,1104104.4.bin,0x84204826,0xef10fad4,0x00380100,0xf20dc7b1,0x00000000
0x0cb33492,1104104.4.bin,0x857a37a4,0x5738e448,0x00000000,0x857a37a4,0x4100ceee
0x0cb33492,1104104.4.bin,0x8c2575ee,0xe868780a,0x0a477a00,0x8c2575ee,0x00000000
0x0cb33492,1104104.4.bin,0x8d59156c,0x6c7dcc23,0x00380100,0x8d59156c,0x00000000
0x0cb33492,1104104.4.bin,0x9098183f,0x32293880,0x00380200,0xbc921aa6,0x00000000
0x0cb33492,1104104.4.bin,0x944af4be,0xef10fad4,0x00380100,0x530daae3,0x00000000
0x0cb33492,1104104.4.bin,0x944af4be,0x3b66435f,0x00380100,0x58c70cd7,0x00000000
0x0cb33492,1104104.4.bin,0x9478e8bf,0xa861c87d,0x0a485000,0x3f1490d4,0x00000000
0x0cb33492,1104104.4.bin,0x94c16510,0xe5fb4b0f,0x00380100,0x94c16510,0x00000000
0x0cb33492,1104104.4.bin,0x9ab8dacb,0xb67ece3b,0x00000000,0x9ab8dacb,0xa046e49d
0x0cb33492,1104104.4.bin,0x9d31872c,0xde3b996b,0x00000000,0x9d31872c,0xc803b3cd
0x0cb33492,1104104.4.bin,0x9dd8ec97,0xfaf37ed6,0x00380100,0xd6764cdb,0x00000000
0x0cb33492,1104104.4.bin,0x9e7269ed,0x984a8016,0x00380100,0xb57c6e4c,0x8e72aab0
0x0cb33492,1104104.4.bin,0xa41b7c5d,0x3fce5862,0x0a467000,0xa41b7c5d,0x29f672c4
0x0cb33492,1104104.4.bin,0xa9926e27,0xfa6a53c8,0x0a479c00,0xa9926e27,0xec52796e
0x0cb33492,1104104.4.bin,0xaadd7941,0x76458d87,0x00000000,0xaadd7941,0x607da721
0x0cb33492,1104104.4.bin,0xad885996,0x28a3a90d,0x0a477a00,0xad885996,0x00000000
0x0cb33492,1104104.4.bin,0xaf1e269e,0x8b8df0df,0x0a467000,0xaf1e269e,0x9db5da79
0x0cb33492,1104104.4.bin,0xb3b3b105,0x9976d27d,0x00380100,0xd582b4bc,0x00000000
0x0cb33492,1104104.4.bin,0xb586d710,0xb2d31abe,0x00000000,0xb586d710,0xa4eb3018
0x0cb33492,1104104.4.bin,0xb5d99860,0xcec99c20,0x00000000,0xb5d99860,0xd8f1b686
0x0cb33492,1104104.4.bin,0xb6718863,0xbd9aa11d,0x0a485000,0xda25a0c0,0x00000000
0x0cb33492,1104104.4.bin,0xb87ad46f,0xf4f4477b,0x00000000,0xb87ad46f,0xe2cc6ddd
0x0cb33492,1104104.4.bin,0xb89a5bf0,0xd6e2d156,0x0a485000,0x480b6963,0x00000000
0x0cb33492,1104104.4.bin,0xb98e0ced,0xaa44e215,0x00000000,0xb98e0ced,0xbc7cc8b3
0x0cb33492,1104104.4.bin,0xbaca8996,0x65342dcc,0x0a465e00,0xbaca8996,0x00000000
0x0cb33492,1104104.4.bin,0xbe39e5bf,0xe6ad89a6,0x00000000,0xea832926,0x00000000
0x0cb33492,1104104.4.bin,0xbf8fdbaa,0x462fb076,0x0a485000,0x739fd0e4,0x50179ad0
0x0cb33492,1104104.4.bin,0xbf8fdbaa,0xb240fbbb,0x0a485000,0xbfc84f31,0x00000000
0x0cb33492,1104104.4.bin,0xc938b157,0x00000000,0x00000000,0xc938b157,0x00000000
0x0cb33492,1104104.4.bin,0xcca3bbcb,0xf75df0ee,0x0a4bdc00,0xbfc1cce6,0x00000000
0x0cb33492,1104104.4.bin,0xcd3135a8,0x90b8590d,0x0a466f00,0xcd3135a8,0x00000000
0x0cb33492,1104104.4.bin,0xcebc5276,0x6fd91db3,0x00000000,0xcebc5276,0x79e13715
0x0cb33492,1104104.4.bin,0xd515ff99,0x9bb2d7f6,0x00000000,0xd515ff99,0x00000000
0x0cb33492,1104104.4.bin,0xd9ecf425,0xddc3fb0d,0x0a462600,0xd9ecf425,0xcbfbd1ab
0x0cb33492,1104104.4.bin,0xdaf809c4,0x4616635f,0x0a485000,0x459866d7,0x00000000
0x0cb33492,1104104.4.bin,0xe08d024d,0x351c022d,0x00000000,0xe08d024d,0x00000000
0x0cb33492,1104104.4.bin,0xe08f352c,0xef10fad4,0x00380100,0x0a79cbb2,0x00000000
0x0cb33492,1104104.4.bin,0xe08f352c,0xfa13829d,0x0a383e00,0x80a9eb10,0xec2ba83b
0x0cb33492,1104104.4.bin,0xe0bd0c86,0x0adcfdb1,0x00000000,0xe0bd0c86,0x1ce4d717
0x0cb33492,1104104.4.bin,0xe0cb7c23,0xc9e593ef,0x00000000,0xe0cb7c23,0xdfddb949
0x0cb33492,1104104.4.bin,0xe51264e1,0xecb84d74,0x00380400,0x551603dc,0x00000000
0x0cb33492,1104104.4.bin,0xe5667bf5,0x8a9394bf,0x00000000,0xe5667bf5,0x00000000
0x0cb33492,1104104.4.bin,0xe5a13cc2,0xa9199ec9,0x00000000,0xe5a13cc2,0xbf21b46f
0x0cb33492,1104104.4.bin,0xe999b707,0x26677aa8,0x00000000,0x8851f2cd,0x305f500e
0x0cb33492,1104104.4.bin,0xe999b707,0xef10fad4,0x00000000,0xd468fb0a,0x00000000
0x0cb33492,1104104.4.bin,0xeb3f3abb,0x4c7d348b,0x00000000,0xeb3f3abb,0x5a451e2d
0x0cb33492,1104104.4.bin,0xefd744c7,0xe7d209a8,0x0a485000,0xafe8a95a,0x00000000
0x0cb33492,1104104.4.bin,0xf3ab8a11,0xd8e64dbb,0x00380100,0xf3ab8a11,0xcede671d
0x0cb33492,1104104.4.bin,0xfc18ed13,0xaa86da3d,0x00000000,0xfc18ed13,0xbcbef09b
0x0cb33492,1104104.4.bin,0xfd9d88e6,0x70921b51,0x00380100,0x4ba30b54,0x00000000
0x0d7b0603,1107460.4.bin,0x02064d22,0x9ccb3932,0x00000000,0x02064d22,0x8af31394
0x0d7b0603,1107460.4.bin,0x0608c07b,0x2f8fdaaa,0x0a5a0100,0x0608c07b,0x39b7f00c
0x0d7b0603,1107460.4.bin,0x0766109b,0x84385ae4,0x00380100,0x73f4a8e1,0x00000000
0x0d7b0603,1107460.4.bin,0x0d77b36f,0xb1229935,0x0a2fb000,0x0d77b36f,0xa71ab393
0x0d7b0603,1107460.4.bin,0x11985e02,0x6b078f15,0x00380100,0xa774bf57,0x00000000
0x0d7b0603,1107460.4.bin,0x127bfc43,0xfb177833,0x08bc0d00,0x127bfc43,0xed2f5295
0x0d7b0603,1107460.4.bin,0x171f5f58,0x3b90013e,0x00380100,0xd58bb63d,0x00000000
0x0d7b0603,1107460.4.bin,0x1ac9bbb1,0x3d367676,0x01ba6c00,0x1ac9bbb1,0x2b0e5cd0
0x0d7b0603,1107460.4.bin,0x1d489ffa,0x96eb9269,0x00380100,0xa45d2f4d,0x00000000
0x0d7b0603,1107460.4.bin,0x22555bf7,0x8419282e,0x00380100,0xb0ec1c9c,0x00000000
0x0d7b0603,1107460.4.bin,0x28498919,0x37a0fef1,0x00380100,0x28498919,0x2198d457
0x0d7b0603,1107460.4.bin,0x2de15520,0xa4b24fb8,0x00000000,0x2de15520,0xb28a651e
0x0d7b0603,1107460.4.bin,0x32ba3239,0xe9317314,0x00380100,0x32ba3239,0x00000000
0x0d7b0603,1107460.4.bin,0x37141b4d,0x1fbe267f,0x0a4bda00,0x37141b4d,0x09860cd9
0x0d7b0603,1107460.4.bin,0x376bf58a,0x8bfec218,0x00000000,0x376bf58a,0x00000000
0x0d7b0603,1107460.4.bin,0x4d1ab8ac,0x8d1a6822,0x00380100,0x4d1ab8ac,0x9b224284
0x0d7b0603,1107460.4.bin,0x4fbd80e8,0x7e703cc2,0x0a312000,0x4fbd80e8,0x68481664
0x0d7b0603,1107460.4.bin,0x572ad17b,0x2f096eca,0x0951b700,0x572ad17b,0x00000000
0x0d7b0603,1107460.4.bin,0x581ab137,0x8c91e142,0x071a7b00,0x581ab137,0x00000000
0x0d7b0603,1107460.4.bin,0x5cc811f7,0x8b87205e,0x00000000,0x5cc811f7,0x9dbf0af8
0x0d7b0603,1107460.4.bin,0x5e91b6be,0xd08e3934,0x00000000,0x5e91b6be,0xc6b61392
0x0d7b0603,1107460.4.bin,0x645d1a16,0xa13d6122,0x00bf2200,0x645d1a16,0xb7054b84
0x0d7b0603,1107460.4.bin,0x652c3db4,0xbf502945,0x00000000,0xdeeca4c1,0xa96803e3
0x0d7b0603,1107460.4.bin,0x65c0d022,0xaab57803,0x00000000,0x65c0d022,0xbc8d52a5
0x0d7b0603,1107460.4.bin,0x6c1c6c71,0x7863d66f,0x0a502f00,0xf57bbe8e,0x00000000
0x0d7b0603,1107460.4.bin,0x72f831f4,0x62be501f,0x00000000,0x1228f75f,0x00000000
0x0d7b0603,1107460.4.bin,0x79902933,0x50a635b7,0x00000000,0x79902933,0x469e1f11
0x0d7b0603,1107460.4.bin,0x7e65ac01,0x3e7d8184,0x00380100,0x7e65ac01,0x2845ab22
0x0d7b0603,1107460.4.bin,0x81aa07b7,0xc33d2df8,0x00380100,0xc92a40bb,0x00000000
0x0d7b0603,1107460.4.bin,0x822067cb,0x03b81854,0x00380100,0x02cd7740,0x00000000
0x0d7b0603,1107460.4.bin,0x83aa4eb0,0x66dbfc08,0x00380100,0x15c918a4,0x00000000
0x0d7b0603,1107460.4.bin,0x84204826,0xc1d09bdf,0x00380100,0x7ee4a941,0xd7e8b179
0x0d7b0603,1107460.4.bin,0x84204826,0xa6b9b4c7,0x00000000,0xe1add1bd,0x00000000
0x0d7b0603,1107460.4.bin,0x84204826,0xef10fad4,0x00380100,0xf20dc7b1,0x00000000
0x0d7b0603,1107460.4.bin,0x8d59156c,0x6c7dcc23,0x00000000,0x8d59156c,0x00000000
0x0d7b0603,1107460.4.bin,0x9098183f,0x32293880,0x00380100,0xbc921aa6,0x00000000
0x0d7b0603,1107460.4.bin,0x9478e8bf,0xa861c87d,0x00380100,0x3f1490d4,0x00000000
0x0d7b0603,1107460.4.bin,0x9ab8dacb,0xb67ece3b,0x00000000,0x9ab8dacb,0xa046e49d
0x0d7b0603,1107460.4.bin,0x9d31872c,0xde3b996b,0x0a414500,0x9d31872c,0xc803b3cd
0x0d7b0603,1107460.4.bin,0x9dd8ec97,0xfaf37ed6,0x0a373700,0xd6764cdb,0x00000000
0x0d7b0603,1107460.4.bin,0x9e7269ed,0x984a8016,0x00380100,0xb57c6e4c,0x8e72aab0
0x0d7b0603,1107460.4.bin,0xa41b7c5d,0x3fce5862,0x0a566b00,0xa41b7c5d,0x29f672c4
0x0d7b0603,1107460.4.bin,0xa9926e27,0xfa6a53c8,0x09510500,0xa9926e27,0xec52796e
0x0d7b0603,1107460.4.bin,0xaf1e269e,0x8b8df0df,0x0a5a0d00,0xaf1e269e,0x9db5da79
0x0d7b0603,1107460.4.bin,0xb5d99860,0xcec99c20,0x00000000,0xb5d99860,0xd8f1b686
0x0d7b0603,1107460.4.bin,0xb6718863,0xbd9aa11d,0x00380100,0xda25a0c0,0x00000000
0x0d7b0603,1107460.4.bin,0xb89a5bf0,0xd6e2d156,0x00380100,0x480b6963,0x00000000
0x0d7b0603,1107460.4.bin,0xbf8fdbaa,0x462fb076,0x00380100,0x739fd0e4,0x50179ad0
0x0d7b0603,1107460.4.bin,0xbf8fdbaa,0xb240fbbb,0x00000000,0xbfc84f31,0x00000000
0x0d7b0603,1107460.4.bin,0xcca3bbcb,0xf75df0ee,0x0a4fbe00,0xbfc1cce6,0x00000000
0x0d7b0603,1107460.4.bin,0xcd3135a8,0x90b8590d,0x0a5a0d00,0xcd3135a8,0x00000000
0x0d7b0603,1107460.4.bin,0xcebc5276,0x6fd91db3,0x00380100,0xcebc5276,0x79e13715
0x0d7b0603,1107460.4.bin,0xcfca7e93,0x6ecbf5d1,0x00380100,0x3d3378be,0x00000000
0x0d7b0603,1107460.4.bin,0xd515ff99,0x9bb2d7f6,0x0a51b900,0xd515ff99,0x00000000
0x0d7b0603,1107460.4.bin,0xdaf809c4,0x4616635f,0x00380100,0x459866d7,0x00000000
0x0d7b0603,1107460.4.bin,0xe08d024d,0x351c022d,0x0a482100,0xe08d024d,0x00000000
0x0d7b0603,1107460.4.bin,0xe08f352c,0xef10fad4,0x00380100,0x0a79cbb2,0x00000000
0x0d7b0603,1107460.4.bin,0xe08f352c,0xfa13829d,0x00000000,0x80a9eb10,0xec2ba83b
0x0d7b0603,1107460.4.bin,0xe0cb7c23,0xc9e593ef,0x00380100,0xe0cb7c23,0xdfddb949
0x0d7b0603,1107460.4.bin,0xe51264e1,0xecb84d74,0x00380100,0x551603dc,0x00000000
0x0d7b0603,1107460.4.bin,0xe5a13cc2,0xa9199ec9,0x00380100,0xe5a13cc2,0xbf21b46f
0x0d7b0603,1107460.4.bin,0xeb3f3abb,0x4c7d348b,0x00000000,0xeb3f3abb,0x5a451e2d
0x0d7b0603,1107460.4.bin,0xefd744c7,0xe7d209a8,0x00380100,0xafe8a95a,0x00000000
0x0d7b0603,1107460.4.bin,0xf3ab8a11,0xd8e64dbb,0x00380100,0xf3ab8a11,0xcede671d
0x13579ee8,1200656.4.bin,0x00453f22,0x85d59ad4,0x00000000,0x00453f22,0x93edb072
0x13579ee8,1200656.4.bin,0x004d2b82,0x2f4a1258,0x00000000,0x004d2b82,0x397238fe
0x13579ee8,1200656.4.bin,0x02064d22,0x9ccb3932,0x00380100,0x02064d22,0x8af31394
0x13579ee8,1200656.4.bin,0x04462756,0x15151c0d,0x00380100,0xbf214e71,0x00000000
0x13579ee8,1200656.4.bin,0x05a1d5d0,0xcaae9512,0x00380100,0x05a1d5d0,0xdc96bfb4
0x13579ee8,1200656.4.bin,0x0766109b,0x84385ae4,0x0a4d0000,0x73f4a8e1,0x00000000
0x13579ee8,1200656.4.bin,0x0cb67299,0x3b8e3a61,0x00380100,0x8796f1ba,0x00000000
0x13579ee8,1200656.4.bin,0x0d77b36f,0xb1229935,0x00380100,0x0d77b36f,0xa71ab393
0x13579ee8,1200656.4.bin,0x0ef12014,0x554d97b9,0x00380100,0x2ff49b9f,0x00000000
0x13579ee8,1200656.4.bin,0x0fc9f96a,0x949b8969,0x00000000,0x142e5048,0x82a3a3cf
0x13579ee8,1200656.4.bin,0x0fc9f96a,0xef10fad4,0x00000000,0xbbdbdef0,0x00000000
0x13579ee8,1200656.4.bin,0x11985e02,0x6b078f15,0x0a4d0000,0xa774bf57,0x00000000
0x13579ee8,1200656.4.bin,0x127bfc43,0xfb177833,0x00000000,0x127bfc43,0xed2f5295
0x13579ee8,1200656.4.bin,0x134e34e0,0xb2b123de,0x00380100,0x134e34e0,0xa4890978
0x13579ee8,1200656.4.bin,0x171f5f58,0x3b90013e,0x0a4a6500,0xd58bb63d,0x00000000
0x13579ee8,1200656.4.bin,0x1858a37e,0x8ef48cbd,0x00000000,0x1858a37e,0x98cca61b
0x13579ee8,1200656.4.bin,0x1ac9bbb1,0x3d367676,0x00380100,0x1ac9bbb1,0x2b0e5cd0
0x13579ee8,1200656.4.bin,0x1d489ffa,0x96eb9269,0x0a4d0000,0xa45d2f4d,0x00000000
0x13579ee8,1200656.4.bin,0x37141b4d,0x1fbe267f,0x00380100,0x37141b4d,0x09860cd9
0x13579ee8,1200656.4.bin,0x38e352cf,0x3aa60819,0x00000000,0x38e352cf,0x2c9e22bf
0x13579ee8,1200656.4.bin,0x3ac68288,0x4249a10e,0x00000000,0x3ac68288,0x54718ba8
0x13579ee8,1200656.4.bin,0x48e98e4f,0x7832ec9d,0x00380100,0xe1cfd665,0x00000000
0x13579ee8,1200656.4.bin,0x4d1ab8ac,0x8d1a6822,0x00380100,0x4d1ab8ac,0x9b224284
0x13579ee8,1200656.4.bin,0x4fbd80e8,0x7e703cc2,0x00000000,0x4fbd80e8,0x68481664
0x13579ee8,1200656.4.bin,0x51ae3e70,0x71778f31,0x00000000,0x51ae3e70,0x674fa597
0x13579ee8,1200656.4.bin,0x553afca1,0x8d5e865d,0x00380100,0x553afca1,0x9b66acfb
0x13579ee8,1200656.4.bin,0x572ad17b,0x2f096eca,0x00380100,0x572ad17b,0x00000000
0x13579ee8,1200656.4.bin,0x581ab137,0x8c91e142,0x00000000,0x581ab137,0x00000000
0x13579ee8,1200656.4.bin,0x5908615f,0x17f1ee63,0x00380100,0x5908615f,0x01c9c4c5
0x13579ee8,1200656.4.bin,0x5a438ff8,0x6e9e9471,0x00000000,0x5a438ff8,0x78a6bed7
0x13579ee8,1200656.4.bin,0x5bdb0233,0xa4d2c149,0x00380100,0x5bdb0233,0x00000000
0x13579ee8,1200656.4.bin,0x5cc04518,0x6c970954,0x00000000,0x5cc04518,0x7aaf23f2
0x13579ee8,1200656.4.bin,0x5de34dcd,0x0590955a,0x00000000,0x5de34dcd,0x13a8bffc
0x13579ee8,1200656.4.bin,0x5e91b6be,0xd08e3934,0x00000000,0x5e91b6be,0xc6b61392
0x13579ee8,1200656.4.bin,0x652c3db4,0xbf502945,0x00000000,0xdeeca4c1,0xa96803e3
0x13579ee8,1200656.4.bin,0x6643a56f,0xc73fabcc,0x00000000,0x6643a56f,0xd107816a
0x13579ee8,1200656.4.bin,0x6c1c6c71,0x7863d66f,0x0a508c00,0xf57bbe8e,0x00000000
0x13579ee8,1200656.4.bin,0x6ee326ec,0x7dbea1da,0x00000000,0x6ee326ec,0x6b868b7c
0x13579ee8,1200656.4.bin,0x70f9c277,0x2078d870,0x00380100,0x12b3eae0,0x00000000
0x13579ee8,1200656.4.bin,0x72f831f4,0x62be501f,0x0a438e00,0x1228f75f,0x00000000
0x13579ee8,1200656.4.bin,0x73f21cb4,0x8b5d90e1,0x00000000,0x73f21cb4,0x00000000
0x13579ee8,1200656.4.bin,0x79902933,0x50a635b7,0x00000000,0x79902933,0x469e1f11
0x13579ee8,1200656.4.bin,0x79c7023c,0xde430c88,0x00000000,0x79c7023c,0xc87b262e
0x13579ee8,1200656.4.bin,0x817f6ff3,0x90f8f9d9,0x00000000,0x817f6ff3,0x00000000
0x13579ee8,1200656.4.bin,0x81aa07b7,0xc33d2df8,0x0a4a6500,0xc92a40bb,0x00000000
0x13579ee8,1200656.4.bin,0x83aa4eb0,0x66dbfc08,0x0a4d0000,0x15c918a4,0x00000000
0x13579ee8,1200656.4.bin,0x83b88a25,0xd6e2d156,0x00000000,0xc6386e7c,0x00000000
0x13579ee8,1200656.4.bin,0x84204826,0xc1d09bdf,0x00380100,0x7ee4a941,0xd7e8b179
0x13579ee8,1200656.4.bin,0x84204826,0xa6b9b4c7,0x00000000,0xe1add1bd,0x00000000
0x13579ee8,1200656.4.bin,0x84204826,0xef10fad4,0x00380100,0xf20dc7b1,0x00000000
0x13579ee8,1200656.4.bin,0x857a37a4,0x5738e448,0x00000000,0x857a37a4,0x4100ceee
0x13579ee8,1200656.4.bin,0x88196295,0x477b7081,0x00380100,0xd177c383,0x00000000
0x13579ee8,1200656.4.bin,0x8d45c22f,0xa5c1d564,0x00380100,0x8d45c22f,0xb3f9ffc2
0x13579ee8,1200656.4.bin,0x8d59156c,0x6c7dcc23,0x00380100,0x8d59156c,0x00000000
0x13579ee8,1200656.4.bin,0x9098183f,0x32293880,0x00380200,0xbc921aa6,0x00000000
0x13579ee8,1200656.4.bin,0x91840bf1,0xfae13fb6,0x00000000,0x91840bf1,0xecd91510
0x13579ee8,1200656.4.bin,0x944af4be,0xef10fad4,0x00380100,0x530daae3,0x00000000
0x13579ee8,1200656.4.bin,0x944af4be,0x3b66435f,0x00380100,0x58c70cd7,0x00000000
0x13579ee8,1200656.4.bin,0x9478e8bf,0xa861c87d,0x0a4a6500,0x3f1490d4,0x00000000
0x13579ee8,1200656.4.bin,0x94c16510,0xe5fb4b0f,0x00380100,0x94c16510,0x00000000
0x13579ee8,1200656.4.bin,0x962707e8,0x92fdaeb0,0x00000000,0x962707e8,0x84c58416
0x13579ee8,1200656.4.bin,0x9ab8dacb,0xb67ece3b,0x00380100,0x9ab8dacb,0xa046e49d
0x13579ee8,1200656.4.bin,0x9c96d060,0xb74cf51f,0x00000000,0x9c96d060,0x00000000
0x13579ee8,1200656.4.bin,0x9dd8ec97,0xfaf37ed6,0x00380100,0xd6764cdb,0x00000000
0x13579ee8,1200656.4.bin,0x9e7269ed,0x984a8016,0x00380100,0xb57c6e4c,0x8e72aab0
0x13579ee8,1200656.4.bin,0xa41b7c5d,0x3fce5862,0x00380100,0xa41b7c5d,0x29f672c4
0x13579ee8,1200656.4.bin,0xa48b1da1,0xc15a2e49,0x00000000,0xa48b1da1,0xd76204ef
0x13579ee8,1200656.4.bin,0xa9926e27,0xfa6a53c8,0x00380100,0xa9926e27,0xec52796e
0x13579ee8,1200656.4.bin,0xaa68841f,0xe4fca5a7,0x00380100,0x5d0670f1,0x00000000
0x13579ee8,1200656.4.bin,0xaadd7941,0x76458d87,0x00000000,0xaadd7941,0x607da721
0x13579ee8,1200656.4.bin,0xac31d258,0x2a31149f,0x00000000,0xac31d258,0x3c093e39
0x13579ee8,1200656.4.bin,0xaf1e269e,0x8b8df0df,0x00380100,0xaf1e269e,0x9db5da79
0x13579ee8,1200656.4.bin,0xb17fe6b3,0x635eb8ea,0x00000000,0xb17fe6b3,0x7566924c
0x13579ee8,1200656.4.bin,0xb1e3b74c,0xa9dc9309,0x00000000,0xb1e3b74c,0x00000000
0x13579ee8,1200656.4.bin,0xb5040db1,0x51fbb913,0x00000000,0xb5040db1,0x47c393b5
0x13579ee8,1200656.4.bin,0xb5d99860,0xcec99c20,0x00380100,0xb5d99860,0xd8f1b686
0x13579ee8,1200656.4.bin,0xb63f2187,0x3ac4b6a3,0x00000000,0xb63f2187,0x2cfc9c05
0x13579ee8,1200656.4.bin,0xb6718863,0xbd9aa11d,0x0a4a6500,0xda25a0c0,0x00000000
0x13579ee8,1200656.4.bin,0xb87ad46f,0xf4f4477b,0x00000000,0xb87ad46f,0xe2cc6ddd
0x13579ee8,1200656.4.bin,0xb89a5bf0,0xd6e2d156,0x0a4a6500,0x480b6963,0x00000000
0x13579ee8,1200656.4.bin,0xb98e0ced,0xaa44e215,0x00000000,0xb98e0ced,0xbc7cc8b3
0x13579ee8,1200656.4.bin,0xbaca8996,0x65342dcc,0x00380100,0xbaca8996,0x00000000
0x13579ee8,1200656.4.bin,0xbc14afd8,0xe54735f7,0x00380100,0xbc14afd8,0xf37f1f51
0x13579ee8,1200656.4.bin,0xbf8fdbaa,0x462fb076,0x0a4a6500,0x739fd0e4,0x50179ad0
0x13579ee8,1200656.4.bin,0xbf8fdbaa,0xb240fbbb,0x0a4a6500,0xbfc84f31,0x00000000
0x13579ee8,1200656.4.bin,0xc2105f11,0x9bb5f94d,0x00380100,0xc2105f11,0x8d8dd3eb
0x13579ee8,1200656.4.bin,0xc6d142a6,0xd2b89ec0,0x00000000,0xc6d142a6,0xc480b466
0x13579ee8,1200656.4.bin,0xcca3bbcb,0xf75df0ee,0x0a508d00,0xbfc1cce6,0x00000000
0x13579ee8,1200656.4.bin,0xcf5379c8,0x40a251da,0x00380100,0xcf5379c8,0x569a7b7c
0x13579ee8,1200656.4.bin,0xd27719ff,0x792377c2,0x00000000,0xd27719ff,0x6f1b5d64
0x13579ee8,1200656.4.bin,0xd40f4e07,0x2ed597e2,0x00000000,0xd40f4e07,0x38edbd44
0x13579ee8,1200656.4.bin,0xd54711a4,0x9aaaf20d,0x00000000,0xd54711a4,0x00000000
0x13579ee8,1200656.4.bin,0xd9ecf425,0xddc3fb0d,0x00380100,0xd9ecf425,0xcbfbd1ab
0x13579ee8,1200656.4.bin,0xdaf809c4,0x4616635f,0x00380500,0x459866d7,0x00000000
0x13579ee8,1200656.4.bin,0xe08f352c,0xef10fad4,0x00380100,0x0a79cbb2,0x00000000
0x13579ee8,1200656.4.bin,0xe08f352c,0xfa13829d,0x00000000,0x80a9eb10,0xec2ba83b
0x13579ee8,1200656.4.bin,0xe0cb7c23,0xc9e593ef,0x00380100,0xe0cb7c23,0xdfddb949
0x13579ee8,1200656.4.bin,0xe51264e1,0xecb84d74,0x00380300,0x551603dc,0x00000000
0x13579ee8,1200656.4.bin,0xe5667bf5,0x8a9394bf,0x00000000,0xe5667bf5,0x00000000
0x13579ee8,1200656.4.bin,0xe8203ae2,0x60103630,0x00000000,0xe8203ae2,0x76281c96
0x13579ee8,1200656.4.bin,0xe8dba9d9,0xcf1127f8,0x00000000,0xe8dba9d9,0xd9290d5e
0x13579ee8,1200656.4.bin,0xe9c1dbe4,0x373bfc3c,0x00000000,0xe9c1dbe4,0x2103d69a
0x13579ee8,1200656.4.bin,0xeb3f3abb,0x4c7d348b,0x00000000,0xeb3f3abb,0x5a451e2d
0x13579ee8,1200656.4.bin,0xeef212c3,0x12b07ff1,0x00000000,0xeef212c3,0x04885557
0x13579ee8,1200656.4.bin,0xefd744c7,0xe7d209a8,0x0a4a6500,0xafe8a95a,0x00000000
0x13579ee8,1200656.4.bin,0xf3ab8a11,0xd8e64dbb,0x00000000,0xf3ab8a11,0xcede671d
0x13579ee8,1200656.4.bin,0xfc18ed13,0xaa86da3d,0x00000000,0xfc18ed13,0xbcbef09b
0x194c16b1,1362144.4.bin,0x02064d22,0x9ccb3932,0x0a55a000,0x02064d22,0x8af31394
0x194c16b1,1362144.4.bin,0x0608c07b,0x2f8fdaaa,0x00000000,0x0608c07b,0x39b7f00c
0x194c16b1,1362144.4.bin,0x0766109b,0x84385ae4,0x0a568100,0x73f4a8e1,0x00000000
0x194c16b1,1362144.4.bin,0x0c4e052d,0x2e6112bf,0x0a517300,0x0c4e052d,0x00000000
0x194c16b1,1362144.4.bin,0x0d77b36f,0xb1229935,0x0a559a00,0x0d77b36f,0xa71ab393
0x194c16b1,1362144.4.bin,0x11985e02,0x6b078f15,0x0a568100,0xa774bf57,0x00000000
0x194c16b1,1362144.4.bin,0x127bfc43,0xfb177833,0x00000000,0x127bfc43,0xed2f5295
0x194c16b1,1362144.4.bin,0x14a10735,0x40d2dedc,0x00000000,0x14a10735,0x56eaf47a
0x194c16b1,1362144.4.bin,0x171f5f58,0x3b90013e,0x0a568100,0xd58bb63d,0x00000000
0x194c16b1,1362144.4.bin,0x1ac9bbb1,0x3d367676,0x00000000,0x1ac9bbb1,0x2b0e5cd0
0x194c16b1,1362144.4.bin,0x1d489ffa,0x96eb9269,0x00380100,0xa45d2f4d,0x00000000
0x194c16b1,1362144.4.bin,0x22555bf7,0x8419282e,0x00380100,0xb0ec1c9c,0x00000000
0x194c16b1,1362144.4.bin,0x28498919,0x37a0fef1,0x00000000,0x28498919,0x2198d457
0x194c16b1,1362144.4.bin,0x2c148393,0x00000000,0x00000000,0x2c148393,0x00000000
0x194c16b1,1362144.4.bin,0x2de15520,0xa4b24fb8,0x0a55a000,0x2de15520,0xb28a651e
0x194c16b1,1362144.4.bin,0x3132c410,0xc7d1066a,0x0a55a000,0x3132c410,0xd1e92ccc
0x194c16b1,1362144.4.bin,0x31f7564c,0x24a29756,0x00380100,0x31f7564c,0x329abdf0
0x194c16b1,1362144.4.bin,0x33e0f91b,0xf94118fe,0x0a2e6300,0x33e0f91b,0xef793258
0x194c16b1,1362144.4.bin,0x36940b07,0x24d8c2fa,0x00000000,0x36940b07,0x00000000
0x194c16b1,1362144.4.bin,0x37141b4d,0x1fbe267f,0x0a559d00,0x37141b4d,0x09860cd9
0x194c16b1,1362144.4.bin,0x397bb1f1,0x60ec6ddd,0x0a516b00,0x397bb1f1,0x00000000
0x194c16b1,1362144.4.bin,0x3b94f202,0xc1067c46,0x0a559c00,0x3b94f202,0x00000000
0x194c16b1,1362144.4.bin,0x3f6525dd,0xcd4901fd,0x00380100,0x3f6525dd,0xdb712b5b
0x194c16b1,1362144.4.bin,0x4baafe84,0xcad9f527,0x00000000,0xe0618dcc,0x00000000
0x194c16b1,1362144.4.bin,0x4d1ab8ac,0x8d1a6822,0x00000000,0x4d1ab8ac,0x9b224284
0x194c16b1,1362144.4.bin,0x4d960098,0x2e15e413,0x00380100,0xa3a4321a,0x00000000
0x194c16b1,1362144.4.bin,0x553afca1,0x8d5e865d,0x0a516b00,0x553afca1,0x9b66acfb
0x194c16b1,1362144.4.bin,0x572ad17b,0x2f096eca,0x00000000,0x572ad17b,0x00000000
0x194c16b1,1362144.4.bin,0x57788169,0x539dc935,0x00000000,0x57788169,0x00000000
0x194c16b1,1362144.4.bin,0x581ab137,0x8c91e142,0x0a517000,0x581ab137,0x00000000
0x194c16b1,1362144.4.bin,0x5a438ff8,0x6e9e9471,0x00380100,0x5a438ff8,0x78a6bed7
0x194c16b1,1362144.4.bin,0x5a97743a,0x98622745,0x00380100,0x52f33648,0x00000000
0x194c16b1,1362144.4.bin,0x5e91b6be,0xd08e3934,0x00380100,0x5e91b6be,0xc6b61392
0x194c16b1,1362144.4.bin,0x645d1a16,0xa13d6122,0x00000000,0x645d1a16,0xb7054b84
0x194c16b1,1362144.4.bin,0x652c3db4,0xbf502945,0x00000000,0xdeeca4c1,0xa96803e3
0x194c16b1,1362144.4.bin,0x693ec7bc,0xa753670b,0x0a559600,0x693ec7bc,0xb16b4dad
0x194c16b1,1362144.4.bin,0x6c1c6c71,0x7863d66f,0x0a5a0e00,0xf57bbe8e,0x00000000
0x194c16b1,1362144.4.bin,0x6ee326ec,0x7dbea1da,0x00380100,0x6ee326ec,0x6b868b7c
0x194c16b1,1362144.4.bin,0x72017dae,0x6ec7a7f2,0x00380100,0x5986ee1e,0x00000000
0x194c16b1,1362144.4.bin,0x72f831f4,0x62be501f,0x00000000,0x1228f75f,0x00000000
0x194c16b1,1362144.4.bin,0x79902933,0x50a635b7,0x0a516e00,0x79902933,0x469e1f11
0x194c16b1,1362144.4.bin,0x79c7023c,0xde430c88,0x00000000,0x79c7023c,0xc87b262e
0x194c16b1,1362144.4.bin,0x805f7715,0x32b64004,0x00380100,0x805f7715,0x00000000
0x194c16b1,1362144.4.bin,0x81aa07b7,0xc33d2df8,0x0a568100,0xc92a40bb,0x00000000
0x194c16b1,1362144.4.bin,0x83aa4eb0,0x66dbfc08,0x00000000,0x15c918a4,0x00000000
0x194c16b1,1362144.4.bin,0x83b88a25,0xd6e2d156,0x0a55ff00,0xc6386e7c,0x00000000
0x194c16b1,1362144.4.bin,0x84204826,0xc1d09bdf,0x00380100,0x7ee4a941,0xd7e8b179
0x194c16b1,1362144.4.bin,0x84204826,0xa6b9b4c7,0x00380100,0xe1add1bd,0x00000000
0x194c16b1,1362144.4.bin,0x84204826,0xef10fad4,0x00380100,0xf20dc7b1,0x00000000
0x194c16b1,1362144.4.bin,0x857a37a4,0x5738e448,0x00380100,0x857a37a4,0x4100ceee
0x194c16b1,1362144.4.bin,0x8d59156c,0x6c7dcc23,0x00380100,0x8d59156c,0x00000000
0x194c16b1,1362144.4.bin,0x9098183f,0x32293880,0x0a568100,0xbc921aa6,0x00000000
0x194c16b1,1362144.4.bin,0x927b251f,0xd1cae624,0x00380100,0xdda0987e,0x00000000
0x194c16b1,1362144.4.bin,0x944af4be,0xef10fad4,0x00380100,0x530daae3,0x00000000
0x194c16b1,1362144.4.bin,0x944af4be,0x3b66435f,0x00380100,0x58c70cd7,0x00000000
0x194c16b1,1362144.4.bin,0x9478e8bf,0xa861c87d,0x0a568100,0x3f1490d4,0x00000000
0x194c16b1,1362144.4.bin,0x96b54794,0xf46e9681,0x00380100,0x96b54794,0xe256bc27
0x194c16b1,1362144.4.bin,0x9ab8dacb,0xb67ece3b,0x0a55a000,0x9ab8dacb,0xa046e49d
0x194c16b1,1362144.4.bin,0x9dd8ec97,0xfaf37ed6,0x00380100,0xd6764cdb,0x00000000
0x194c16b1,1362144.4.bin,0xa41b7c5d,0x3fce5862,0x0a4a0900,0xa41b7c5d,0x29f672c4
0x194c16b1,1362144.4.bin,0xaf1e269e,0x8b8df0df,0x0a51e100,0xaf1e269e,0x9db5da79
0x194c16b1,1362144.4.bin,0xb586d710,0xb2d31abe,0x0a55a000,0xb586d710,0xa4eb3018
0x194c16b1,1362144.4.bin,0xb6718863,0xbd9aa11d,0x0a568100,0xda25a0c0,0x00000000
0x194c16b1,1362144.4.bin,0xb87ad46f,0xf4f4477b,0x0a42d600,0xb87ad46f,0xe2cc6ddd
0x194c16b1,1362144.4.bin,0xb89a5bf0,0xd6e2d156,0x0a568100,0x480b6963,0x00000000
0x194c16b1,1362144.4.bin,0xbb84b406,0xbf42caac,0x00380100,0xe14567cb,0x00000000
0x194c16b1,1362144.4.bin,0xbf8fdbaa,0x462fb076,0x0a568100,0x739fd0e4,0x50179ad0
0x194c16b1,1362144.4.bin,0xbf8fdbaa,0xb240fbbb,0x00000000,0xbfc84f31,0x00000000
0x194c16b1,1362144.4.bin,0xc171775f,0x15c7f38d,0x00380100,0xc171775f,0x03ffd92b
0x194c16b1,1362144.4.bin,0xc77d4554,0x0fe2cafe,0x00380100,0x0575d413,0x00000000
0x194c16b1,1362144.4.bin,0xcadc58c6,0xc996b0b5,0x0a559400,0xcadc58c6,0xdfae9a13
0x194c16b1,1362144.4.bin,0xcca3bbcb,0xf75df0ee,0x0a5a1000,0xbfc1cce6,0x00000000
0x194c16b1,1362144.4.bin,0xcebc5276,0x6fd91db3,0x0a55a000,0xcebc5276,0x79e13715
0x194c16b1,1362144.4.bin,0xd27719ff,0x792377c2,0x00000000,0xd27719ff,0x6f1b5d64
0x194c16b1,1362144.4.bin,0xdaf809c4,0x4616635f,0x0a568100,0x459866d7,0x00000000
0x194c16b1,1362144.4.bin,0xdde605ce,0x6381bf1b,0x0a517100,0xdde605ce,0x00000000
0x194c16b1,1362144.4.bin,0xe08f352c,0xef10fad4,0x00000000,0x0a79cbb2,0x00000000
0x194c16b1,1362144.4.bin,0xe08f352c,0xfa13829d,0x00000000,0x80a9eb10,0xec2ba83b
0x194c16b1,1362144.4.bin,0xe0cb7c23,0xc9e593ef,0x0a55a000,0xe0cb7c23,0xdfddb949
0x194c16b1,1362144.4.bin,0xe2a76b6d,0xe140620e,0x00380100,0xf35831fb,0x00000000
0x194c16b1,1362144.4.bin,0xe51264e1,0xecb84d74,0x0a568100,0x551603dc,0x00000000
0x194c16b1,1362144.4.bin,0xe999b707,0x26677aa8,0x00000000,0x8851f2cd,0x305f500e
0x194c16b1,1362144.4.bin,0xe999b707,0xef10fad4,0x00000000,0xd468fb0a,0x00000000
0x194c16b1,1362144.4.bin,0xeaca1515,0x7acd777d,0x00000000,0xeaca1515,0x6cf55ddb
0x194c16b1,1362144.4.bin,0xeb3f3abb,0x4c7d348b,0x00380100,0xeb3f3abb,0x5a451e2d
0x194c16b1,1362144.4.bin,0xefd744c7,0xe7d209a8,0x0a568100,0xafe8a95a,0x00000000
0x194c16b1,1362144.4.bin,0xfbeb6e78,0x7f0661b2,0x0a51e100,0xfbeb6e78,0x693e4b14
0x194c16b1,1362144.4.bin,0xfc18ed13,0xaa86da3d,0x0a55a000,0xfc18ed13,0xbcbef09b
0x1f42a7ec,1463064.4.bin,0x0608c07b,0x2f8fdaaa,0x00000000,0x0608c07b,0x39b7f00c
0x1f42a7ec,1463064.4.bin,0x0766109b,0x84385ae4,0x00380100,0x73f4a8e1,0x00000000
0x1f42a7ec,1463064.4.bin,0x0c4e052d,0x2e6112bf,0x0a0a1600,0x0c4e052d,0x00000000
0x1f42a7ec,1463064.4.bin,0x0d77b36f,0xb1229935,0x0a185c00,0x0d77b36f,0xa71ab393
0x1f42a7ec,1463064.4.bin,0x11985e02,0x6b078f15,0x00380100,0xa774bf57,0x00000000
0x1f42a7ec,1463064.4.bin,0x127bfc43,0xfb177833,0x00380100,0x127bfc43,0xed2f5295
0x1f42a7ec,1463064.4.bin,0x14a10735,0x40d2dedc,0x00380100,0x14a10735,0x56eaf47a
0x1f42a7ec,1463064.4.bin,0x171f5f58,0x3b90013e,0x00380100,0xd58bb63d,0x00000000
0x1f42a7ec,1463064.4.bin,0x1ac9bbb1,0x3d367676,0x0a1c1700,0x1ac9bbb1,0x2b0e5cd0
0x1f42a7ec,1463064.4.bin,0x1d489ffa,0x96eb9269,0x00000000,0xa45d2f4d,0x00000000
0x1f42a7ec,1463064.4.bin,0x22555bf7,0x8419282e,0x00380100,0xb0ec1c9c,0x00000000
0x1f42a7ec,1463064.4.bin,0x28498919,0x37a0fef1,0x00380100,0x28498919,0x2198d457
0x1f42a7ec,1463064.4.bin,0x2c148393,0x00000000,0x00000000,0x2c148393,0x00000000
0x1f42a7ec,1463064.4.bin,0x31f7564c,0x24a29756,0x00380100,0x31f7564c,0x329abdf0
0x1f42a7ec,1463064.4.bin,0x37141b4d,0x1fbe267f,0x00938900,0x37141b4d,0x09860cd9
0x1f42a7ec,1463064.4.bin,0x397bb1f1,0x60ec6ddd,0x071b2200,0x397bb1f1,0x00000000
0x1f42a7ec,1463064.4.bin,0x3b94f202,0xc1067c46,0x0a419600,0x3b94f202,0x00000000
0x1f42a7ec,1463064.4.bin,0x3f6525dd,0xcd4901fd,0x00000000,0x3f6525dd,0xdb712b5b
0x1f42a7ec,1463064.4.bin,0x553afca1,0x8d5e865d,0x0a437a00,0x553afca1,0x9b66acfb
0x1f42a7ec,1463064.4.bin,0x572ad17b,0x2f096eca,0x00a69400,0x572ad17b,0x00000000
0x1f42a7ec,1463064.4.bin,0x581ab137,0x8c91e142,0x00380100,0x581ab137,0x00000000
0x1f42a7ec,1463064.4.bin,0x5a97743a,0x98622745,0x00380100,0x52f33648,0x00000000
0x1f42a7ec,1463064.4.bin,0x645d1a16,0xa13d6122,0x09503e00,0x645d1a16,0xb7054b84
0x1f42a7ec,1463064.4.bin,0x652c3db4,0xbf502945,0x00380100,0xdeeca4c1,0xa96803e3
0x1f42a7ec,1463064.4.bin,0x693ec7bc,0xa753670b,0x0a559c00,0x693ec7bc,0xb16b4dad
0x1f42a7ec,1463064.4.bin,0x6c1c6c71,0x7863d66f,0x0a367b00,0xf57bbe8e,0x00000000
0x1f42a7ec,1463064.4.bin,0x72017dae,0x6ec7a7f2,0x00380100,0x5986ee1e,0x00000000
0x1f42a7ec,1463064.4.bin,0x72f831f4,0x62be501f,0x00380100,0x1228f75f,0x00000000
0x1f42a7ec,1463064.4.bin,0x79902933,0x50a635b7,0x00380100,0x79902933,0x469e1f11
0x1f42a7ec,1463064.4.bin,0x79c7023c,0xde430c88,0x00000000,0x79c7023c,0xc87b262e
0x1f42a7ec,1463064.4.bin,0x80cf2020,0x70844930,0x00380100,0x8049cda4,0x00000000
0x1f42a7ec,1463064.4.bin,0x80cf2020,0xef10fad4,0x00380100,0xea5f7fb2,0x00000000
0x1f42a7ec,1463064.4.bin,0x81aa07b7,0xc33d2df8,0x00380100,0xc92a40bb,0x00000000
0x1f42a7ec,1463064.4.bin,0x83aa4eb0,0x66dbfc08,0x00380100,0x15c918a4,0x00000000
0x1f42a7ec,1463064.4.bin,0x857a37a4,0x5738e448,0x00380100,0x857a37a4,0x4100ceee
0x1f42a7ec,1463064.4.bin,0x8d59156c,0x6c7dcc23,0x00380100,0x8d59156c,0x00000000
0x1f42a7ec,1463064.4.bin,0x9098183f,0x32293880,0x00380100,0xbc921aa6,0x00000000
0x1f42a7ec,1463064.4.bin,0x927b251f,0xd1cae624,0x00380100,0xdda0987e,0x00000000
0x1f42a7ec,1463064.4.bin,0x944af4be,0xef10fad4,0x00380100,0x530daae3,0x00000000
0x1f42a7ec,1463064.4.bin,0x944af4be,0x3b66435f,0x00380100,0x58c70cd7,0x00000000
0x1f42a7ec,1463064.4.bin,0x9478e8bf,0xa861c87d,0x00380100,0x3f1490d4,0x00000000
0x1f42a7ec,1463064.4.bin,0x96b54794,0xf46e9681,0x00380100,0x96b54794,0xe256bc27
0x1f42a7ec,1463064.4.bin,0x9dd8ec97,0xfaf37ed6,0x00380100,0xd6764cdb,0x00000000
0x1f42a7ec,1463064.4.bin,0xa41b7c5d,0x3fce5862,0x0a145f00,0xa41b7c5d,0x29f672c4
0x1f42a7ec,1463064.4.bin,0xaf1e269e,0x8b8df0df,0x00000000,0xaf1e269e,0x9db5da79
0x1f42a7ec,1463064.4.bin,0xb586d710,0xb2d31abe,0x00000000,0xb586d710,0xa4eb3018
0x1f42a7ec,1463064.4.bin,0xb6718863,0xbd9aa11d,0x00380100,0xda25a0c0,0x00000000
0x1f42a7ec,1463064.4.bin,0xb87ad46f,0xf4f4477b,0x0a41a200,0xb87ad46f,0xe2cc6ddd
0x1f42a7ec,1463064.4.bin,0xb89a5bf0,0xd6e2d156,0x00380100,0x480b6963,0x00000000
0x1f42a7ec,1463064.4.bin,0xbb84b406,0xbf42caac,0x00380100,0xe14567cb,0x00000000
0x1f42a7ec,1463064.4.bin,0xbf8fdbaa,0x462fb076,0x00380100,0x739fd0e4,0x50179ad0
0x1f42a7ec,1463064.4.bin,0xbf8fdbaa,0xb240fbbb,0x00000000,0xbfc84f31,0x00000000
0x1f42a7ec,1463064.4.bin,0xc171775f,0x15c7f38d,0x08035c00,0xc171775f,0x03ffd92b
0x1f42a7ec,1463064.4.bin,0xc77d4554,0x0fe2cafe,0x00380100,0x0575d413,0x00000000
0x1f42a7ec,1463064.4.bin,0xcadc58c6,0xc996b0b5,0x09594d00,0xcadc58c6,0xdfae9a13
0x1f42a7ec,1463064.4.bin,0xcca3bbcb,0xf75df0ee,0x0a437d00,0xbfc1cce6,0x00000000
0x1f42a7ec,1463064.4.bin,0xcebc5276,0x6fd91db3,0x00380100,0xcebc5276,0x79e13715
0x1f42a7ec,1463064.4.bin,0xd62c06fc,0x0d7bc808,0x00380100,0x69e5e376,0x00000000
0x1f42a7ec,1463064.4.bin,0xd62c06fc,0xef10fad4,0x00380100,0xa1117bc4,0x00000000
0x1f42a7ec,1463064.4.bin,0xdaf809c4,0x4616635f,0x00380100,0x459866d7,0x00000000
0x1f42a7ec,1463064.4.bin,0xdde605ce,0x6381bf1b,0x0951e500,0xdde605ce,0x00000000
0x1f42a7ec,1463064.4.bin,0xe08f352c,0xef10fad4,0x00380100,0x0a79cbb2,0x00000000
0x1f42a7ec,1463064.4.bin,0xe08f352c,0xfa13829d,0x00000000,0x80a9eb10,0xec2ba83b
0x1f42a7ec,1463064.4.bin,0xe51264e1,0xecb84d74,0x00380100,0x551603dc,0x00000000
0x1f42a7ec,1463064.4.bin,0xe999b707,0x26677aa8,0x00380100,0x8851f2cd,0x305f500e
0x1f42a7ec,1463064.4.bin,0xe999b707,0xef10fad4,0x00380100,0xd468fb0a,0x00000000
0x1f42a7ec,1463064.4.bin,0xefd744c7,0xe7d209a8,0x00380100,0xafe8a95a,0x00000000
0x1f42a7ec,1463064.4.bin,0xfbeb6e78,0x7f0661b2,0x01b21a00,0xfbeb6e78,0x693e4b14
0x3b39bf8c,2839020.4.bin,0x00f88b26,0x6c2109d8,0x00380100,0xb29ba356,0x00000000
0x3b39bf8c,2839020.4.bin,0x0766109b,0x84385ae4,0x00380100,0x73f4a8e1,0x00000000
0x3b39bf8c,2839020.4.bin,0x0d509515,0x949b8969,0x00380100,0x7aeb1604,0x82a3a3cf
0x3b39bf8c,2839020.4.bin,0x0d77b36f,0xb1229935,0x0a23b300,0x0d77b36f,0xa71ab393
0x3b39bf8c,2839020.4.bin,0x11985e02,0x6b078f15,0x00380100,0xa774bf57,0x00000000
0x3b39bf8c,2839020.4.bin,0x141eac79,0xa77538e6,0x00380100,0x9ec0bcbe,0x00000000
0x3b39bf8c,2839020.4.bin,0x171f5f58,0x3b90013e,0x00380100,0xd58bb63d,0x00000000
0x3b39bf8c,2839020.4.bin,0x1ac9bbb1,0x3d367676,0x0a437900,0x1ac9bbb1,0x2b0e5cd0
0x3b39bf8c,2839020.4.bin,0x1d489ffa,0x96eb9269,0x00380100,0xa45d2f4d,0x00000000
0x3b39bf8c,2839020.4.bin,0x2de15520,0xa4b24fb8,0x0a3fda00,0x2de15520,0xb28a651e
0x3b39bf8c,2839020.4.bin,0x376bf58a,0x8bfec218,0x0a2d9e00,0x376bf58a,0x00000000
0x3b39bf8c,2839020.4.bin,0x3ec1c154,0x12d2008b,0x00380100,0x5348cd05,0x00000000
0x3b39bf8c,2839020.4.bin,0x572ad17b,0x2f096eca,0x04891a00,0x572ad17b,0x00000000
0x3b39bf8c,2839020.4.bin,0x5cc811f7,0x8b87205e,0x0a5cda00,0x5cc811f7,0x9dbf0af8
0x3b39bf8c,2839020.4.bin,0x645d1a16,0xa13d6122,0x0a383600,0x645d1a16,0xb7054b84
0x3b39bf8c,2839020.4.bin,0x652c3db4,0xbf502945,0x00000000,0xdeeca4c1,0xa96803e3
0x3b39bf8c,2839020.4.bin,0x65c0d022,0xaab57803,0x0a32e800,0x65c0d022,0xbc8d52a5
0x3b39bf8c,2839020.4.bin,0x6c1c6c71,0x7863d66f,0x0a663a00,0xf57bbe8e,0x00000000
0x3b39bf8c,2839020.4.bin,0x72f831f4,0x62be501f,0x00380100,0x1228f75f,0x00000000
0x3b39bf8c,2839020.4.bin,0x81aa07b7,0xc33d2df8,0x00380100,0xc92a40bb,0x00000000
0x3b39bf8c,2839020.4.bin,0x83aa4eb0,0x66dbfc08,0x00380100,0x15c918a4,0x00000000
0x3b39bf8c,2839020.4.bin,0x8d59156c,0x6c7dcc23,0x09628100,0x8d59156c,0x00000000
0x3b39bf8c,2839020.4.bin,0x9098183f,0x32293880,0x00380100,0xbc921aa6,0x00000000
0x3b39bf8c,2839020.4.bin,0x9478e8bf,0xa861c87d,0x00380100,0x3f1490d4,0x00000000
0x3b39bf8c,2839020.4.bin,0x9e7269ed,0x984a8016,0x00380100,0xb57c6e4c,0x8e72aab0
0x3b39bf8c,2839020.4.bin,0xa41b7c5d,0x3fce5862,0x0a405800,0xa41b7c5d,0x29f672c4
0x3b39bf8c,2839020.4.bin,0xa9926e27,0xfa6a53c8,0x0a325400,0xa9926e27,0xec52796e
0x3b39bf8c,2839020.4.bin,0xaf1e269e,0x8b8df0df,0x09594900,0xaf1e269e,0x9db5da79
0x3b39bf8c,2839020.4.bin,0xb6718863,0xbd9aa11d,0x00380100,0xda25a0c0,0x00000000
0x3b39bf8c,2839020.4.bin,0xb89a5bf0,0xd6e2d156,0x00380100,0x480b6963,0x00000000
0x3b39bf8c,2839020.4.bin,0xb8e38c7d,0x886c7a61,0x00380100,0xbc6706c3,0x00000000
0x3b39bf8c,2839020.4.bin,0xbf8fdbaa,0x462fb076,0x00380100,0x739fd0e4,0x50179ad0
0x3b39bf8c,2839020.4.bin,0xbf8fdbaa,0xb240fbbb,0x00000000,0xbfc84f31,0x00000000
0x3b39bf8c,2839020.4.bin,0xcca3bbcb,0xf75df0ee,0x0a675800,0xbfc1cce6,0x00000000
0x3b39bf8c,2839020.4.bin,0xcd3135a8,0x90b8590d,0x0a5d6a00,0xcd3135a8,0x00000000
0x3b39bf8c,2839020.4.bin,0xdaf809c4,0x4616635f,0x00380100,0x459866d7,0x00000000
0x3b39bf8c,2839020.4.bin,0xe08f352c,0xef10fad4,0x00380100,0x0a79cbb2,0x00000000
0x3b39bf8c,2839020.4.bin,0xe08f352c,0xfa13829d,0x0951b600,0x80a9eb10,0xec2ba83b
0x3b39bf8c,2839020.4.bin,0xe51264e1,0xecb84d74,0x00380100,0x551603dc,0x00000000
0x3b39bf8c,2839020.4.bin,0xe5a13cc2,0xa9199ec9,0x0a30bc00,0xe5a13cc2,0xbf21b46f
0x3b39bf8c,2839020.4.bin,0xe5e1b14f,0x129da472,0x00380100,0x1395d149,0x00000000
0x3b39bf8c,2839020.4.bin,0xe5e1b14f,0xef10fad4,0x00380100,0x1e1d8ff5,0x00000000
0x3b39bf8c,2839020.4.bin,0xeb3f3abb,0x4c7d348b,0x09508400,0xeb3f3abb,0x5a451e2d
0x3b39bf8c,2839020.4.bin,0xefd744c7,0xe7d209a8,0x00380100,0xafe8a95a,0x00000000
0x3e9c2d4a,3133948.4.bin,0x180ca0dc,0xb09926a3,0x04805c00,0x8866e5ae,0x00000000
0x4243eeb1,3268408.4.bin,0x00453f22,0x85d59ad4,0x009e4400,0x00453f22,0x93edb072
0x4243eeb1,3268408.4.bin,0x00f88b26,0x6c2109d8,0x0957d800,0xb29ba356,0x00000000
0x4243eeb1,3268408.4.bin,0x0608c07b,0x2f8fdaaa,0x00380100,0x0608c07b,0x39b7f00c
0x4243eeb1,3268408.4.bin,0x070ec268,0x1691c8a9,0x00000000,0x070ec268,0x00000000
0x4243eeb1,3268408.4.bin,0x0766109b,0x84385ae4,0x0a0b2e00,0x73f4a8e1,0x00000000
0x4243eeb1,3268408.4.bin,0x11985e02,0x6b078f15,0x0a0b2e00,0xa774bf57,0x00000000
0x4243eeb1,3268408.4.bin,0x127bfc43,0xfb177833,0x071ab300,0x127bfc43,0xed2f5295
0x4243eeb1,3268408.4.bin,0x1502f55f,0x9970f52d,0x00380100,0x1502f55f,0x8f48df8b
0x4243eeb1,3268408.4.bin,0x15d6182f,0x074dd133,0x00000000,0x15d6182f,0x1175fb95
0x4243eeb1,3268408.4.bin,0x171f5f58,0x3b90013e,0x0a0b2e00,0xd58bb63d,0x00000000
0x4243eeb1,3268408.4.bin,0x1d489ffa,0x96eb9269,0x0a0b2e00,0xa45d2f4d,0x00000000
0x4243eeb1,3268408.4.bin,0x1ee06d90,0xdf64591a,0x00380100,0x1ee06d90,0xc95c73bc
0x4243eeb1,3268408.4.bin,0x22555bf7,0x8419282e,0x00380100,0xb0ec1c9c,0x00000000
0x4243eeb1,3268408.4.bin,0x2c073ad6,0x14c5ba24,0x00380100,0x67aa2871,0x00000000
0x4243eeb1,3268408.4.bin,0x2c073ad6,0xef10fad4,0x00380100,0xd254dcce,0x00000000
0x4243eeb1,3268408.4.bin,0x2d929f96,0xb8a76a24,0x00380100,0x2d929f96,0xae9f4082
0x4243eeb1,3268408.4.bin,0x31f7564c,0x24a29756,0x00000000,0x31f7564c,0x329abdf0
0x4243eeb1,3268408.4.bin,0x3395d51d,0x5a06665a,0x00000000,0x3395d51d,0x4c3e4cfc
0x4243eeb1,3268408.4.bin,0x3711d0e3,0xefcc66b5,0x00380100,0x3711d0e3,0xf9f44c13
0x4243eeb1,3268408.4.bin,0x38e352cf,0x3aa60819,0x071aa500,0x38e352cf,0x2c9e22bf
0x4243eeb1,3268408.4.bin,0x42d7944b,0xce513401,0x009e2c00,0x42d7944b,0xd8691ea7
0x4243eeb1,3268408.4.bin,0x455e00ff,0x485bd8d5,0x00380100,0x455e00ff,0x5e63f273
0x4243eeb1,3268408.4.bin,0x46740834,0xe2c4dfc7,0x009e6100,0x46740834,0x00000000
0x4243eeb1,3268408.4.bin,0x4baafe84,0xcad9f527,0x00000000,0xe0618dcc,0x00000000
0x4243eeb1,3268408.4.bin,0x581ab137,0x8c91e142,0x00000000,0x581ab137,0x00000000
0x4243eeb1,3268408.4.bin,0x585a6188,0xac50df86,0x009e6100,0x585a6188,0xba68f520
0x4243eeb1,3268408.4.bin,0x5908615f,0x17f1ee63,0x00000000,0x5908615f,0x01c9c4c5
0x4243eeb1,3268408.4.bin,0x5bdb0233,0xa4d2c149,0x00380100,0x5bdb0233,0x00000000
0x4243eeb1,3268408.4.bin,0x5cc811f7,0x8b87205e,0x00000000,0x5cc811f7,0x9dbf0af8
0x4243eeb1,3268408.4.bin,0x5fa6efcf,0xc244c907,0x00a6d400,0x5fa6efcf,0xd47ce3a1
0x4243eeb1,3268408.4.bin,0x652c3db4,0xbf502945,0x00000000,0xdeeca4c1,0xa96803e3
0x4243eeb1,3268408.4.bin,0x66dcdba1,0x42030e8f,0x00380100,0x66dcdba1,0x543b2429
0x4243eeb1,3268408.4.bin,0x6c1c6c71,0x7863d66f,0x071ed900,0xf57bbe8e,0x00000000
0x4243eeb1,3268408.4.bin,0x6d95864d,0x1e6f24f1,0x00380100,0x6d95864d,0x00000000
0x4243eeb1,3268408.4.bin,0x72f831f4,0x62be501f,0x00380100,0x1228f75f,0x00000000
0x4243eeb1,3268408.4.bin,0x73ad141b,0xa81af21d,0x00000000,0x73ad141b,0x00000000
0x4243eeb1,3268408.4.bin,0x7d7614aa,0xa3bba583,0x00a6d400,0x7d7614aa,0xb5838f25
0x4243eeb1,3268408.4.bin,0x805f7715,0x32b64004,0x00000000,0x805f7715,0x00000000
0x4243eeb1,3268408.4.bin,0x81aa07b7,0xc33d2df8,0x0a0b2e00,0xc92a40bb,0x00000000
0x4243eeb1,3268408.4.bin,0x83aa4eb0,0x66dbfc08,0x00000000,0x15c918a4,0x00000000
0x4243eeb1,3268408.4.bin,0x83b88a25,0xd6e2d156,0x00000000,0xc6386e7c,0x00000000
0x4243eeb1,3268408.4.bin,0x857a37a4,0x5738e448,0x00000000,0x857a37a4,0x4100ceee
0x4243eeb1,3268408.4.bin,0x86b63df0,0xe5bce2c4,0x00380100,0x86b63df0,0xf384c862
0x4243eeb1,3268408.4.bin,0x8d16ae58,0x9c73bc2e,0x0093fe00,0x8d16ae58,0x00000000
0x4243eeb1,3268408.4.bin,0x9098183f,0x32293880,0x0a0b2e00,0xbc921aa6,0x00000000
0x4243eeb1,3268408.4.bin,0x9478e8bf,0xa861c87d,0x00380100,0x3f1490d4,0x00000000
0x4243eeb1,3268408.4.bin,0x94c16510,0xe5fb4b0f,0x00000000,0x94c16510,0x00000000
0x4243eeb1,3268408.4.bin,0x9576d460,0x768724ab,0x00942500,0x9576d460,0x60bf0e0d
0x4243eeb1,3268408.4.bin,0x965ff7d1,0xc94f37a6,0x00380100,0x965ff7d1,0xdf771d00
0x4243eeb1,3268408.4.bin,0x978db007,0xecf04a42,0x095d9700,0x978db007,0x00000000
0x4243eeb1,3268408.4.bin,0x9872c024,0x5a60641e,0x09622700,0x9872c024,0x4c584eb8
0x4243eeb1,3268408.4.bin,0x9dd8ec97,0xfaf37ed6,0x0a0b2e00,0xd6764cdb,0x00000000
0x4243eeb1,3268408.4.bin,0x9e7269ed,0x984a8016,0x00000000,0xb57c6e4c,0x8e72aab0
0x4243eeb1,3268408.4.bin,0x9f41d347,0xa14813e2,0x00380100,0x9f41d347,0xb7703944
0x4243eeb1,3268408.4.bin,0xac31d258,0x2a31149f,0x009e8b00,0xac31d258,0x3c093e39
0x4243eeb1,3268408.4.bin,0xaf1e269e,0x8b8df0df,0x00000000,0xaf1e269e,0x9db5da79
0x4243eeb1,3268408.4.bin,0xb07869ba,0xcbe2e5f4,0x00380100,0x66361d8a,0x00000000
0x4243eeb1,3268408.4.bin,0xb436f977,0x59a8c759,0x00380100,0xb436f977,0x00000000
0x4243eeb1,3268408.4.bin,0xb45f6a0b,0x2e05241d,0x00380100,0xb45f6a0b,0x00000000
0x4243eeb1,3268408.4.bin,0xb6718863,0xbd9aa11d,0x00380300,0xda25a0c0,0x00000000
0x4243eeb1,3268408.4.bin,0xb87ad46f,0xf4f4477b,0x00000000,0xb87ad46f,0xe2cc6ddd
0x4243eeb1,3268408.4.bin,0xb89a5bf0,0xd6e2d156,0x0a0b2e00,0x480b6963,0x00000000
0x4243eeb1,3268408.4.bin,0xbc14afd8,0xe54735f7,0x04890e00,0xbc14afd8,0xf37f1f51
0x4243eeb1,3268408.4.bin,0xbe39e5bf,0xe6ad89a6,0x0a0b2e00,0xea832926,0x00000000
0x4243eeb1,3268408.4.bin,0xbf8fdbaa,0x462fb076,0x0a0b2e00,0x739fd0e4,0x50179ad0
0x4243eeb1,3268408.4.bin,0xbf8fdbaa,0xb240fbbb,0x00000000,0xbfc84f31,0x00000000
0x4243eeb1,3268408.4.bin,0xc2246fb6,0xc2a0965b,0x00380100,0x1af63e7d,0x00000000
0x4243eeb1,3268408.4.bin,0xcca3bbcb,0xf75df0ee,0x071edb00,0xbfc1cce6,0x00000000
0x4243eeb1,3268408.4.bin,0xced8a36d,0x63fed6a3,0x009e4400,0xced8a36d,0x00000000
0x4243eeb1,3268408.4.bin,0xdaf809c4,0x4616635f,0x0a0b2e00,0x459866d7,0x00000000
0x4243eeb1,3268408.4.bin,0xe08d024d,0x351c022d,0x00380100,0xe08d024d,0x00000000
0x4243eeb1,3268408.4.bin,0xe08f352c,0xef10fad4,0x00380100,0x0a79cbb2,0x00000000
0x4243eeb1,3268408.4.bin,0xe08f352c,0xfa13829d,0x00000000,0x80a9eb10,0xec2ba83b
0x4243eeb1,3268408.4.bin,0xe3c1d8dc,0xf21a9314,0x00380100,0xe3c1d8dc,0xe422b9b2
0x4243eeb1,3268408.4.bin,0xe51264e1,0xecb84d74,0x0a0b2e00,0x551603dc,0x00000000
0x4243eeb1,3268408.4.bin,0xe5667bf5,0x8a9394bf,0x00000000,0xe5667bf5,0x00000000
0x4243eeb1,3268408.4.bin,0xe8203ae2,0x60103630,0x071aa500,0xe8203ae2,0x76281c96
0x4243eeb1,3268408.4.bin,0xe999b707,0x26677aa8,0x00380100,0x8851f2cd,0x305f500e
0x4243eeb1,3268408.4.bin,0xe999b707,0xef10fad4,0x00380100,0xd468fb0a,0x00000000
0x4243eeb1,3268408.4.bin,0xefa3cf1d,0x475fc772,0x00380100,0xefa3cf1d,0x5167edd4
0x4243eeb1,3268408.4.bin,0xefd744c7,0xe7d209a8,0x0a0b2e00,0xafe8a95a,0x00000000
0x4243eeb1,3268408.4.bin,0xf117cb40,0x489bb376,0x00000000,0xf117cb40,0x5ea399d0
0x4243eeb1,3268408.4.bin,0xf2cbbc30,0x0073dfe8,0x00000000,0xf2cbbc30,0x00000000
0x48503d56,3430704.4.bin,0x00453f22,0x85d59ad4,0x0a098f00,0x00453f22,0x93edb072
0x48503d56,3430704.4.bin,0x0608c07b,0x2f8fdaaa,0x00380100,0x0608c07b,0x39b7f00c
0x48503d56,3430704.4.bin,0x0766109b,0x84385ae4,0x0a183800,0x73f4a8e1,0x00000000
0x48503d56,3430704.4.bin,0x11985e02,0x6b078f15,0x0a183800,0xa774bf57,0x00000000
0x48503d56,3430704.4.bin,0x127bfc43,0xfb177833,0x071ca400,0x127bfc43,0xed2f5295
0x48503d56,3430704.4.bin,0x141eac79,0xa77538e6,0x00000000,0x9ec0bcbe,0x00000000
0x48503d56,3430704.4.bin,0x15d6182f,0x074dd133,0x00000000,0x15d6182f,0x1175fb95
0x48503d56,3430704.4.bin,0x171f5f58,0x3b90013e,0x0a183800,0xd58bb63d,0x00000000
0x48503d56,3430704.4.bin,0x1d489ffa,0x96eb9269,0x00000000,0xa45d2f4d,0x00000000
0x48503d56,3430704.4.bin,0x22555bf7,0x8419282e,0x00380100,0xb0ec1c9c,0x00000000
0x48503d56,3430704.4.bin,0x27e7cb05,0x9734768d,0x00000000,0x27e7cb05,0x810c5c2b
0x48503d56,3430704.4.bin,0x2c073ad6,0x14c5ba24,0x00000000,0x67aa2871,0x00000000
0x48503d56,3430704.4.bin,0x2c073ad6,0xef10fad4,0x00380100,0xd254dcce,0x00000000
0x48503d56,3430704.4.bin,0x31f7564c,0x24a29756,0x08bc4100,0x31f7564c,0x329abdf0
0x48503d56,3430704.4.bin,0x3395d51d,0x5a06665a,0x00000000,0x3395d51d,0x4c3e4cfc
0x48503d56,3430704.4.bin,0x33e0f91b,0xf94118fe,0x00000000,0x33e0f91b,0xef793258
0x48503d56,3430704.4.bin,0x38e352cf,0x3aa60819,0x09553600,0x38e352cf,0x2c9e22bf
0x48503d56,3430704.4.bin,0x3b94f202,0xc1067c46,0x034e1f00,0x3b94f202,0x00000000
0x48503d56,3430704.4.bin,0x3c131089,0x3505b14a,0x00000000,0x3c131089,0x233d9bec
0x48503d56,3430704.4.bin,0x42d7944b,0xce513401,0x09550700,0x42d7944b,0xd8691ea7
0x48503d56,3430704.4.bin,0x455e00ff,0x485bd8d5,0x00000000,0x455e00ff,0x5e63f273
0x48503d56,3430704.4.bin,0x4baafe84,0xcad9f527,0x0a17bd00,0xe0618dcc,0x00000000
0x48503d56,3430704.4.bin,0x581ab137,0x8c91e142,0x00000000,0x581ab137,0x00000000
0x48503d56,3430704.4.bin,0x5bdb0233,0xa4d2c149,0x00000000,0x5bdb0233,0x00000000
0x48503d56,3430704.4.bin,0x5cc811f7,0x8b87205e,0x00380100,0x5cc811f7,0x9dbf0af8
0x48503d56,3430704.4.bin,0x5fa6efcf,0xc244c907,0x00942900,0x5fa6efcf,0xd47ce3a1
0x48503d56,3430704.4.bin,0x61de91f8,0x6c9243f3,0x00000000,0x61de91f8,0x7aaa6955
0x48503d56,3430704.4.bin,0x6312a83f,0x683c3069,0x00000000,0x6312a83f,0x7e041acf
0x48503d56,3430704.4.bin,0x652c3db4,0xbf502945,0x00000000,0xdeeca4c1,0xa96803e3
0x48503d56,3430704.4.bin,0x6643a56f,0xc73fabcc,0x00000000,0x6643a56f,0xd107816a
0x48503d56,3430704.4.bin,0x693ec7bc,0xa753670b,0x00380100,0x693ec7bc,0xb16b4dad
0x48503d56,3430704.4.bin,0x6c1c6c71,0x7863d66f,0x0a1bc400,0xf57bbe8e,0x00000000
0x48503d56,3430704.4.bin,0x72f831f4,0x62be501f,0x00000000,0x1228f75f,0x00000000
0x48503d56,3430704.4.bin,0x78bd5c4c,0x81d3c415,0x00000000,0x78bd5c4c,0x97ebeeb3
0x48503d56,3430704.4.bin,0x7d7614aa,0xa3bba583,0x0a0b1b00,0x7d7614aa,0xb5838f25
0x48503d56,3430704.4.bin,0x805f7715,0x32b64004,0x0a098a00,0x805f7715,0x00000000
0x48503d56,3430704.4.bin,0x81aa07b7,0xc33d2df8,0x0a183800,0xc92a40bb,0x00000000
0x48503d56,3430704.4.bin,0x83aa4eb0,0x66dbfc08,0x0a17d400,0x15c918a4,0x00000000
0x48503d56,3430704.4.bin,0x83b88a25,0xd6e2d156,0x00380100,0xc6386e7c,0x00000000
0x48503d56,3430704.4.bin,0x86b63df0,0xe5bce2c4,0x0959f700,0x86b63df0,0xf384c862
0x48503d56,3430704.4.bin,0x9098183f,0x32293880,0x0a183800,0xbc921aa6,0x00000000
0x48503d56,3430704.4.bin,0x91840bf1,0xfae13fb6,0x00000000,0x91840bf1,0xecd91510
0x48503d56,3430704.4.bin,0x9478e8bf,0xa861c87d,0x0a183800,0x3f1490d4,0x00000000
0x48503d56,3430704.4.bin,0x94c16510,0xe5fb4b0f,0x00000000,0x94c16510,0x00000000
0x48503d56,3430704.4.bin,0x962707e8,0x92fdaeb0,0x00380100,0x962707e8,0x84c58416
0x48503d56,3430704.4.bin,0x9872c024,0x5a60641e,0x00000000,0x9872c024,0x4c584eb8
0x48503d56,3430704.4.bin,0x9dd8ec97,0xfaf37ed6,0x00380100,0xd6764cdb,0x00000000
0x48503d56,3430704.4.bin,0x9e7269ed,0x984a8016,0x00000000,0xb57c6e4c,0x8e72aab0
0x48503d56,3430704.4.bin,0x9f41d347,0xa14813e2,0x00000000,0x9f41d347,0xb7703944
0x48503d56,3430704.4.bin,0xa48b1da1,0xc15a2e49,0x00000000,0xa48b1da1,0xd76204ef
0x48503d56,3430704.4.bin,0xac31d258,0x2a31149f,0x00942900,0xac31d258,0x3c093e39
0x48503d56,3430704.4.bin,0xae30f7d0,0x6f694bc4,0x00000000,0xae30f7d0,0x79516162
0x48503d56,3430704.4.bin,0xaf1e269e,0x8b8df0df,0x0959f700,0xaf1e269e,0x9db5da79
0x48503d56,3430704.4.bin,0xb07869ba,0xcbe2e5f4,0x00380100,0x66361d8a,0x00000000
0x48503d56,3430704.4.bin,0xb436f977,0x59a8c759,0x00000000,0xb436f977,0x00000000
0x48503d56,3430704.4.bin,0xb6718863,0xbd9aa11d,0x0a183800,0xda25a0c0,0x00000000
0x48503d56,3430704.4.bin,0xb87ad46f,0xf4f4477b,0x00000000,0xb87ad46f,0xe2cc6ddd
0x48503d56,3430704.4.bin,0xb89a5bf0,0xd6e2d156,0x0a183800,0x480b6963,0x00000000
0x48503d56,3430704.4.bin,0xbc14afd8,0xe54735f7,0x0a092700,0xbc14afd8,0xf37f1f51
0x48503d56,3430704.4.bin,0xbe39e5bf,0xe6ad89a6,0x00380100,0xea832926,0x00000000
0x48503d56,3430704.4.bin,0xbf8fdbaa,0x462fb076,0x0a183800,0x739fd0e4,0x50179ad0
0x48503d56,3430704.4.bin,0xbf8fdbaa,0xb240fbbb,0x00000000,0xbfc84f31,0x00000000
0x48503d56,3430704.4.bin,0xc2246fb6,0xc2a0965b,0x00380100,0x1af63e7d,0x00000000
0x48503d56,3430704.4.bin,0xcac3e3ef,0x2fe574ab,0x09560f00,0xcac3e3ef,0x39dd5e0d
0x48503d56,3430704.4.bin,0xcca3bbcb,0xf75df0ee,0x0a1bc600,0xbfc1cce6,0x00000000
0x48503d56,3430704.4.bin,0xced8a36d,0x63fed6a3,0x0a08af00,0xced8a36d,0x00000000
0x48503d56,3430704.4.bin,0xdaf809c4,0x4616635f,0x0a183800,0x459866d7,0x00000000
0x48503d56,3430704.4.bin,0xdde605ce,0x6381bf1b,0x00000000,0xdde605ce,0x00000000
0x48503d56,3430704.4.bin,0xe08d024d,0x351c022d,0x00000000,0xe08d024d,0x00000000
0x48503d56,3430704.4.bin,0xe08f352c,0xef10fad4,0x00380100,0x0a79cbb2,0x00000000
0x48503d56,3430704.4.bin,0xe08f352c,0xfa13829d,0x00000000,0x80a9eb10,0xec2ba83b
0x48503d56,3430704.4.bin,0xe0bd0c86,0x0adcfdb1,0x00000000,0xe0bd0c86,0x1ce4d717
0x48503d56,3430704.4.bin,0xe51264e1,0xecb84d74,0x0a183800,0x551603dc,0x00000000
0x48503d56,3430704.4.bin,0xe5667bf5,0x8a9394bf,0x0a0b1b00,0xe5667bf5,0x00000000
0x48503d56,3430704.4.bin,0xe999b707,0x26677aa8,0x00000000,0x8851f2cd,0x305f500e
0x48503d56,3430704.4.bin,0xe999b707,0xef10fad4,0x00000000,0xd468fb0a,0x00000000
0x48503d56,3430704.4.bin,0xedeaa8ba,0x3b3124cf,0x00000000,0xedeaa8ba,0x2d090e69
0x48503d56,3430704.4.bin,0xefd744c7,0xe7d209a8,0x0a183800,0xafe8a95a,0x00000000
0x48503d56,3430704.4.bin,0xf2cbbc30,0x0073dfe8,0x00000000,0xf2cbbc30,0x00000000
0x48503d56,3430704.4.bin,0xf7f64765,0xeac2ee65,0x00380100,0xf7f64765,0xfcfac4c3
0x48503d56,3430704.4.bin,0xfda2fc8f,0x630f9c99,0x00000000,0xfda2fc8f,0x7537b63f
0x485866e8,3433252.4.bin,0x00453f22,0x85d59ad4,0x071abb00,0x00453f22,0x93edb072
0x485866e8,3433252.4.bin,0x0608c07b,0x2f8fdaaa,0x00000000,0x0608c07b,0x39b7f00c
0x485866e8,3433252.4.bin,0x070ec268,0x1691c8a9,0x034e0b00,0x070ec268,0x00000000
0x485866e8,3433252.4.bin,0x0766109b,0x84385ae4,0x00380100,0x73f4a8e1,0x00000000
0x485866e8,3433252.4.bin,0x11985e02,0x6b078f15,0x00380100,0xa774bf57,0x00000000
0x485866e8,3433252.4.bin,0x127bfc43,0xfb177833,0x071ab600,0x127bfc43,0xed2f5295
0x485866e8,3433252.4.bin,0x15d6182f,0x074dd133,0x00000000,0x15d6182f,0x1175fb95
0x485866e8,3433252.4.bin,0x171f5f58,0x3b90013e,0x00380100,0xd58bb63d,0x00000000
0x485866e8,3433252.4.bin,0x1d489ffa,0x96eb9269,0x00380100,0xa45d2f4d,0x00000000
0x485866e8,3433252.4.bin,0x22555bf7,0x8419282e,0x00380100,0xb0ec1c9c,0x00000000
0x485866e8,3433252.4.bin,0x2c073ad6,0x14c5ba24,0x00380100,0x67aa2871,0x00000000
0x485866e8,3433252.4.bin,0x2c073ad6,0xef10fad4,0x00000000,0xd254dcce,0x00000000
0x485866e8,3433252.4.bin,0x3174ba7e,0x3b2897a8,0x00000000,0x3174ba7e,0x00000000
0x485866e8,3433252.4.bin,0x31f7564c,0x24a29756,0x00000000,0x31f7564c,0x329abdf0
0x485866e8,3433252.4.bin,0x347d79ee,0x0091593c,0x00000000,0x347d79ee,0x16a9739a
0x485866e8,3433252.4.bin,0x3692ba0d,0x6fe64b4f,0x071a9400,0x3692ba0d,0x79de61e9
0x485866e8,3433252.4.bin,0x38e352cf,0x3aa60819,0x00942500,0x38e352cf,0x2c9e22bf
0x485866e8,3433252.4.bin,0x3b94f202,0xc1067c46,0x00000000,0x3b94f202,0x00000000
0x485866e8,3433252.4.bin,0x42d7944b,0xce513401,0x009e7800,0x42d7944b,0xd8691ea7
0x485866e8,3433252.4.bin,0x455e00ff,0x485bd8d5,0x00000000,0x455e00ff,0x5e63f273
0x485866e8,3433252.4.bin,0x46740834,0xe2c4dfc7,0x009e6000,0x46740834,0x00000000
0x485866e8,3433252.4.bin,0x581ab137,0x8c91e142,0x00000000,0x581ab137,0x00000000
0x485866e8,3433252.4.bin,0x585a6188,0xac50df86,0x00938400,0x585a6188,0xba68f520
0x485866e8,3433252.4.bin,0x5908615f,0x17f1ee63,0x00000000,0x5908615f,0x01c9c4c5
0x485866e8,3433252.4.bin,0x5bdb0233,0xa4d2c149,0x00000000,0x5bdb0233,0x00000000
0x485866e8,3433252.4.bin,0x5cc811f7,0x8b87205e,0x00000000,0x5cc811f7,0x9dbf0af8
0x485866e8,3433252.4.bin,0x5fa6efcf,0xc244c907,0x00d0d300,0x5fa6efcf,0xd47ce3a1
0x485866e8,3433252.4.bin,0x61de91f8,0x6c9243f3,0x00000000,0x61de91f8,0x7aaa6955
0x485866e8,3433252.4.bin,0x6312a83f,0x683c3069,0x00000000,0x6312a83f,0x7e041acf
0x485866e8,3433252.4.bin,0x652c3db4,0xbf502945,0x00000000,0xdeeca4c1,0xa96803e3
0x485866e8,3433252.4.bin,0x6c1c6c71,0x7863d66f,0x09503100,0xf57bbe8e,0x00000000
0x485866e8,3433252.4.bin,0x72f831f4,0x62be501f,0x00000000,0x1228f75f,0x00000000
0x485866e8,3433252.4.bin,0x73ad141b,0xa81af21d,0x00000000,0x73ad141b,0x00000000
0x485866e8,3433252.4.bin,0x78bd5c4c,0x81d3c415,0x01b22600,0x78bd5c4c,0x97ebeeb3
0x485866e8,3433252.4.bin,0x7d7614aa,0xa3bba583,0x00d0d300,0x7d7614aa,0xb5838f25
0x485866e8,3433252.4.bin,0x805f7715,0x32b64004,0x00937600,0x805f7715,0x00000000
0x485866e8,3433252.4.bin,0x81aa07b7,0xc33d2df8,0x00380100,0xc92a40bb,0x00000000
0x485866e8,3433252.4.bin,0x83aa4eb0,0x66dbfc08,0x00380100,0x15c918a4,0x00000000
0x485866e8,3433252.4.bin,0x83b88a25,0xd6e2d156,0x00380100,0xc6386e7c,0x00000000
0x485866e8,3433252.4.bin,0x86b63df0,0xe5bce2c4,0x0093e800,0x86b63df0,0xf384c862
0x485866e8,3433252.4.bin,0x8d16ae58,0x9c73bc2e,0x00939400,0x8d16ae58,0x00000000
0x485866e8,3433252.4.bin,0x8db49190,0x139b10e5,0x00000000,0x84453df5,0x00000000
0x485866e8,3433252.4.bin,0x8db49190,0xef10fad4,0x00380100,0xf5ab586e,0x00000000
0x485866e8,3433252.4.bin,0x9098183f,0x32293880,0x00380100,0xbc921aa6,0x00000000
0x485866e8,3433252.4.bin,0x9478e8bf,0xa861c87d,0x00380100,0x3f1490d4,0x00000000
0x485866e8,3433252.4.bin,0x94c16510,0xe5fb4b0f,0x00000000,0x94c16510,0x00000000
0x485866e8,3433252.4.bin,0x9576d460,0x768724ab,0x01b28c00,0x9576d460,0x60bf0e0d
0x485866e8,3433252.4.bin,0x962707e8,0x92fdaeb0,0x00000000,0x962707e8,0x84c58416
0x485866e8,3433252.4.bin,0x965ff7d1,0xc94f37a6,0x071a7f00,0x965ff7d1,0xdf771d00
0x485866e8,3433252.4.bin,0x978db007,0xecf04a42,0x00936500,0x978db007,0x00000000
0x485866e8,3433252.4.bin,0x9872c024,0x5a60641e,0x00d0ff00,0x9872c024,0x4c584eb8
0x485866e8,3433252.4.bin,0x9dd8ec97,0xfaf37ed6,0x00380100,0xd6764cdb,0x00000000
0x485866e8,3433252.4.bin,0x9e7269ed,0x984a8016,0x00380100,0xb57c6e4c,0x8e72aab0
0x485866e8,3433252.4.bin,0x9f41d347,0xa14813e2,0x00000000,0x9f41d347,0xb7703944
0x485866e8,3433252.4.bin,0xac31d258,0x2a31149f,0x08bc7a00,0xac31d258,0x3c093e39
0x485866e8,3433252.4.bin,0xae30f7d0,0x6f694bc4,0x00380100,0xae30f7d0,0x79516162
0x485866e8,3433252.4.bin,0xaf1e269e,0x8b8df0df,0x08af0200,0xaf1e269e,0x9db5da79
0x485866e8,3433252.4.bin,0xb6718863,0xbd9aa11d,0x00380100,0xda25a0c0,0x00000000
0x485866e8,3433252.4.bin,0xb87ad46f,0xf4f4477b,0x00000000,0xb87ad46f,0xe2cc6ddd
0x485866e8,3433252.4.bin,0xb89a5bf0,0xd6e2d156,0x00380100,0x480b6963,0x00000000
0x485866e8,3433252.4.bin,0xbc14afd8,0xe54735f7,0x00942600,0xbc14afd8,0xf37f1f51
0x485866e8,3433252.4.bin,0xbf8fdbaa,0x462fb076,0x00380100,0x739fd0e4,0x50179ad0
0x485866e8,3433252.4.bin,0xbf8fdbaa,0xb240fbbb,0x00000000,0xbfc84f31,0x00000000
0x485866e8,3433252.4.bin,0xcca3bbcb,0xf75df0ee,0x00afe800,0xbfc1cce6,0x00000000
0x485866e8,3433252.4.bin,0xced8a36d,0x63fed6a3,0x095ab300,0xced8a36d,0x00000000
0x485866e8,3433252.4.bin,0xd4ce4a1c,0x970e689d,0x00000000,0xd4ce4a1c,0x8136423b
0x485866e8,3433252.4.bin,0xdaf809c4,0x4616635f,0x00380100,0x459866d7,0x00000000
0x485866e8,3433252.4.bin,0xdde605ce,0x6381bf1b,0x00380100,0xdde605ce,0x00000000
0x485866e8,3433252.4.bin,0xe08d024d,0x351c022d,0x00380100,0xe08d024d,0x00000000
0x485866e8,3433252.4.bin,0xe08f352c,0xef10fad4,0x00380100,0x0a79cbb2,0x00000000
0x485866e8,3433252.4.bin,0xe08f352c,0xfa13829d,0x00000000,0x80a9eb10,0xec2ba83b
0x485866e8,3433252.4.bin,0xe51264e1,0xecb84d74,0x00380100,0x551603dc,0x00000000
0x485866e8,3433252.4.bin,0xe8203ae2,0x60103630,0x00d0e300,0xe8203ae2,0x76281c96
0x485866e8,3433252.4.bin,0xe999b707,0x26677aa8,0x00380100,0x8851f2cd,0x305f500e
0x485866e8,3433252.4.bin,0xe999b707,0xef10fad4,0x00000000,0xd468fb0a,0x00000000
0x485866e8,3433252.4.bin,0xedeaa8ba,0x3b3124cf,0x00000000,0xedeaa8ba,0x2d090e69
0x485866e8,3433252.4.bin,0xefa3cf1d,0x475fc772,0x01b28800,0xefa3cf1d,0x5167edd4
0x485866e8,3433252.4.bin,0xefd744c7,0xe7d209a8,0x00380100,0xafe8a95a,0x00000000
0x485866e8,3433252.4.bin,0xf2cbbc30,0x0073dfe8,0x00000000,0xf2cbbc30,0x00000000
0x485866e8,3433252.4.bin,0xf7f64765,0xeac2ee65,0x00380100,0xf7f64765,0xfcfac4c3
0x485866e8,3433252.4.bin,0xfda2fc8f,0x630f9c99,0x00d0f300,0xfda2fc8f,0x7537b63f
0x567ca5bd,5665728.4.bin,0x00453f22,0x85d59ad4,0x02b32d00,0x00453f22,0x93edb072
0x567ca5bd,5665728.4.bin,0x0284e1b9,0x10395f06,0x00000000,0x0284e1b9,0x060175a0
0x567ca5bd,5665728.4.bin,0x0608c07b,0x2f8fdaaa,0x00000000,0x0608c07b,0x39b7f00c
0x567ca5bd,5665728.4.bin,0x0766109b,0x84385ae4,0x09501d00,0x73f4a8e1,0x00000000
0x567ca5bd,5665728.4.bin,0x11985e02,0x6b078f15,0x09501d00,0xa774bf57,0x00000000
0x567ca5bd,5665728.4.bin,0x127bfc43,0xfb177833,0x02b33f00,0x127bfc43,0xed2f5295
0x567ca5bd,5665728.4.bin,0x134e34e0,0xb2b123de,0x00380100,0x134e34e0,0xa4890978
0x567ca5bd,5665728.4.bin,0x141eac79,0xa77538e6,0x00000000,0x9ec0bcbe,0x00000000
0x567ca5bd,5665728.4.bin,0x15d6182f,0x074dd133,0x00000000,0x15d6182f,0x1175fb95
0x567ca5bd,5665728.4.bin,0x171f5f58,0x3b90013e,0x09501d00,0xd58bb63d,0x00000000
0x567ca5bd,5665728.4.bin,0x1d489ffa,0x96eb9269,0x00000000,0xa45d2f4d,0x00000000
0x567ca5bd,5665728.4.bin,0x22555bf7,0x8419282e,0x00000000,0xb0ec1c9c,0x00000000
0x567ca5bd,5665728.4.bin,0x2c073ad6,0x14c5ba24,0x00000000,0x67aa2871,0x00000000
0x567ca5bd,5665728.4.bin,0x2c073ad6,0xef10fad4,0x00380100,0xd254dcce,0x00000000
0x567ca5bd,5665728.4.bin,0x3174ba7e,0x3b2897a8,0x00380100,0x3174ba7e,0x00000000
0x567ca5bd,5665728.4.bin,0x31f7564c,0x24a29756,0x00000000,0x31f7564c,0x329abdf0
0x567ca5bd,5665728.4.bin,0x3395d51d,0x5a06665a,0x00000000,0x3395d51d,0x4c3e4cfc
0x567ca5bd,5665728.4.bin,0x38e352cf,0x3aa60819,0x02b35100,0x38e352cf,0x2c9e22bf
0x567ca5bd,5665728.4.bin,0x3b94f202,0xc1067c46,0x00000000,0x3b94f202,0x00000000
0x567ca5bd,5665728.4.bin,0x42d7944b,0xce513401,0x02b32400,0x42d7944b,0xd8691ea7
0x567ca5bd,5665728.4.bin,0x455e00ff,0x485bd8d5,0x00000000,0x455e00ff,0x5e63f273
0x567ca5bd,5665728.4.bin,0x46740834,0xe2c4dfc7,0x095b1d00,0x46740834,0x00000000
0x567ca5bd,5665728.4.bin,0x4baafe84,0xcad9f527,0x00380100,0xe0618dcc,0x00000000
0x567ca5bd,5665728.4.bin,0x581ab137,0x8c91e142,0x00000000,0x581ab137,0x00000000
0x567ca5bd,5665728.4.bin,0x585a6188,0xac50df86,0x07683f00,0x585a6188,0xba68f520
0x567ca5bd,5665728.4.bin,0x5908615f,0x17f1ee63,0x00000000,0x5908615f,0x01c9c4c5
0x567ca5bd,5665728.4.bin,0x5bdb0233,0xa4d2c149,0x00000000,0x5bdb0233,0x00000000
0x567ca5bd,5665728.4.bin,0x5cc811f7,0x8b87205e,0x00000000,0x5cc811f7,0x9dbf0af8
0x567ca5bd,5665728.4.bin,0x5fa6efcf,0xc244c907,0x01ba6e00,0x5fa6efcf,0xd47ce3a1
0x567ca5bd,5665728.4.bin,0x61de91f8,0x6c9243f3,0x00000000,0x61de91f8,0x7aaa6955
0x567ca5bd,5665728.4.bin,0x652c3db4,0xbf502945,0x00380100,0xdeeca4c1,0xa96803e3
0x567ca5bd,5665728.4.bin,0x693ec7bc,0xa753670b,0x00000000,0x693ec7bc,0xb16b4dad
0x567ca5bd,5665728.4.bin,0x6c1c6c71,0x7863d66f,0x0953aa00,0xf57bbe8e,0x00000000
0x567ca5bd,5665728.4.bin,0x72f831f4,0x62be501f,0x00000000,0x1228f75f,0x00000000
0x567ca5bd,5665728.4.bin,0x73ad141b,0xa81af21d,0x00000000,0x73ad141b,0x00000000
0x567ca5bd,5665728.4.bin,0x78bd5c4c,0x81d3c415,0x00000000,0x78bd5c4c,0x97ebeeb3
0x567ca5bd,5665728.4.bin,0x805f7715,0x32b64004,0x00380100,0x805f7715,0x00000000
0x567ca5bd,5665728.4.bin,0x81aa07b7,0xc33d2df8,0x09501d00,0xc92a40bb,0x00000000
0x567ca5bd,5665728.4.bin,0x822067cb,0x03b81854,0x00380100,0x02cd7740,0x00000000
0x567ca5bd,5665728.4.bin,0x83aa4eb0,0x66dbfc08,0x00000000,0x15c918a4,0x00000000
0x567ca5bd,5665728.4.bin,0x83b88a25,0xd6e2d156,0x00000000,0xc6386e7c,0x00000000
0x567ca5bd,5665728.4.bin,0x857a37a4,0x5738e448,0x00000000,0x857a37a4,0x4100ceee
0x567ca5bd,5665728.4.bin,0x86b63df0,0xe5bce2c4,0x01ba6e00,0x86b63df0,0xf384c862
0x567ca5bd,5665728.4.bin,0x87c9f821,0x23062071,0x00000000,0x87c9f821,0x00000000
0x567ca5bd,5665728.4.bin,0x8d16ae58,0x9c73bc2e,0x02b34700,0x8d16ae58,0x00000000
0x567ca5bd,5665728.4.bin,0x9098183f,0x32293880,0x09501d00,0xbc921aa6,0x00000000
0x567ca5bd,5665728.4.bin,0x9478e8bf,0xa861c87d,0x09501d00,0x3f1490d4,0x00000000
0x567ca5bd,5665728.4.bin,0x94c16510,0xe5fb4b0f,0x00000000,0x94c16510,0x00000000
0x567ca5bd,5665728.4.bin,0x9576d460,0x768724ab,0x01ba4000,0x9576d460,0x60bf0e0d
0x567ca5bd,5665728.4.bin,0x962707e8,0x92fdaeb0,0x00000000,0x962707e8,0x84c58416
0x567ca5bd,5665728.4.bin,0x965ff7d1,0xc94f37a6,0x00380100,0x965ff7d1,0xdf771d00
0x567ca5bd,5665728.4.bin,0x978db007,0xecf04a42,0x01ba1d00,0x978db007,0x00000000
0x567ca5bd,5665728.4.bin,0x97a69284,0x00000000,0x00000000,0x97a69284,0x00000000
0x567ca5bd,5665728.4.bin,0x9872c024,0x5a60641e,0x04890500,0x9872c024,0x4c584eb8
0x567ca5bd,5665728.4.bin,0x9dd8ec97,0xfaf37ed6,0x00380100,0xd6764cdb,0x00000000
0x567ca5bd,5665728.4.bin,0x9e7269ed,0x984a8016,0x00380100,0xb57c6e4c,0x8e72aab0
0x567ca5bd,5665728.4.bin,0x9f41d347,0xa14813e2,0x00380100,0x9f41d347,0xb7703944
0x567ca5bd,5665728.4.bin,0xac31d258,0x2a31149f,0x01ba1d00,0xac31d258,0x3c093e39
0x567ca5bd,5665728.4.bin,0xaf1e269e,0x8b8df0df,0x00000000,0xaf1e269e,0x9db5da79
0x567ca5bd,5665728.4.bin,0xb07869ba,0xcbe2e5f4,0x00380100,0x66361d8a,0x00000000
0x567ca5bd,5665728.4.bin,0xb6718863,0xbd9aa11d,0x09501d00,0xda25a0c0,0x00000000
0x567ca5bd,5665728.4.bin,0xb87ad46f,0xf4f4477b,0x00000000,0xb87ad46f,0xe2cc6ddd
0x567ca5bd,5665728.4.bin,0xb89a5bf0,0xd6e2d156,0x09501d00,0x480b6963,0x00000000
0x567ca5bd,5665728.4.bin,0xbc14afd8,0xe54735f7,0x01ba3100,0xbc14afd8,0xf37f1f51
0x567ca5bd,5665728.4.bin,0xbe39e5bf,0xe6ad89a6,0x00380100,0xea832926,0x00000000
0x567ca5bd,5665728.4.bin,0xbf8fdbaa,0x462fb076,0x09501d00,0x739fd0e4,0x50179ad0
0x567ca5bd,5665728.4.bin,0xbf8fdbaa,0xb240fbbb,0x00000000,0xbfc84f31,0x00000000
0x567ca5bd,5665728.4.bin,0xcca3bbcb,0xf75df0ee,0x0953ab00,0xbfc1cce6,0x00000000
0x567ca5bd,5665728.4.bin,0xced8a36d,0x63fed6a3,0x02b33600,0xced8a36d,0x00000000
0x567ca5bd,5665728.4.bin,0xdaf809c4,0x4616635f,0x09501d00,0x459866d7,0x00000000
0x567ca5bd,5665728.4.bin,0xdde605ce,0x6381bf1b,0x00000000,0xdde605ce,0x00000000
0x567ca5bd,5665728.4.bin,0xe08d024d,0x351c022d,0x00000000,0xe08d024d,0x00000000
0x567ca5bd,5665728.4.bin,0xe08f352c,0xef10fad4,0x00000000,0x0a79cbb2,0x00000000
0x567ca5bd,5665728.4.bin,0xe08f352c,0xfa13829d,0x00000000,0x80a9eb10,0xec2ba83b
0x567ca5bd,5665728.4.bin,0xe0bd0c86,0x0adcfdb1,0x00380100,0xe0bd0c86,0x1ce4d717
0x567ca5bd,5665728.4.bin,0xe51264e1,0xecb84d74,0x09501d00,0x551603dc,0x00000000
0x567ca5bd,5665728.4.bin,0xe5667bf5,0x8a9394bf,0x00000000,0xe5667bf5,0x00000000
0x567ca5bd,5665728.4.bin,0xe952ba52,0xd0cad93f,0x00000000,0xe952ba52,0xc6f2f399
0x567ca5bd,5665728.4.bin,0xe999b707,0x26677aa8,0x00000000,0x8851f2cd,0x305f500e
0x567ca5bd,5665728.4.bin,0xe999b707,0xef10fad4,0x00000000,0xd468fb0a,0x00000000
0x567ca5bd,5665728.4.bin,0xefa3cf1d,0x475fc772,0x00000000,0xefa3cf1d,0x5167edd4
0x567ca5bd,5665728.4.bin,0xefd744c7,0xe7d209a8,0x09501d00,0xafe8a95a,0x00000000
0x567ca5bd,5665728.4.bin,0xf2cbbc30,0x0073dfe8,0x00000000,0xf2cbbc30,0x00000000
0x567ca5bd,5665728.4.bin,0xfda2fc8f,0x630f9c99,0x00000000,0xfda2fc8f,0x7537b63f
0x5c6f765a,6589764.4.bin,0x00453f22,0x85d59ad4,0x034e3500,0x00453f22,0x93edb072
0x5c6f765a,6589764.4.bin,0x0284e1b9,0x10395f06,0x00380100,0x0284e1b9,0x060175a0
0x5c6f765a,6589764.4.bin,0x0608c07b,0x2f8fdaaa,0x04252000,0x0608c07b,0x39b7f00c
0x5c6f765a,6589764.4.bin,0x0766109b,0x84385ae4,0x071b9800,0x73f4a8e1,0x00000000
0x5c6f765a,6589764.4.bin,0x1163d3eb,0xc22cd6ad,0x00000000,0x1163d3eb,0xd414fc0b
0x5c6f765a,6589764.4.bin,0x11985e02,0x6b078f15,0x071b9800,0xa774bf57,0x00000000
0x5c6f765a,6589764.4.bin,0x127bfc43,0xfb177833,0x04252000,0x127bfc43,0xed2f5295
0x5c6f765a,6589764.4.bin,0x134e34e0,0xb2b123de,0x00380100,0x134e34e0,0xa4890978
0x5c6f765a,6589764.4.bin,0x141eac79,0xa77538e6,0x01b20100,0x9ec0bcbe,0x00000000
0x5c6f765a,6589764.4.bin,0x15d6182f,0x074dd133,0x034e3400,0x15d6182f,0x1175fb95
0x5c6f765a,6589764.4.bin,0x171f5f58,0x3b90013e,0x071b9800,0xd58bb63d,0x00000000
0x5c6f765a,6589764.4.bin,0x1d489ffa,0x96eb9269,0x00000000,0xa45d2f4d,0x00000000
0x5c6f765a,6589764.4.bin,0x22555bf7,0x8419282e,0x01b20100,0xb0ec1c9c,0x00000000
0x5c6f765a,6589764.4.bin,0x2c073ad6,0x14c5ba24,0x01b20100,0x67aa2871,0x00000000
0x5c6f765a,6589764.4.bin,0x2c073ad6,0xef10fad4,0x00000000,0xd254dcce,0x00000000
0x5c6f765a,6589764.4.bin,0x3174ba7e,0x3b2897a8,0x00000000,0x3174ba7e,0x00000000
0x5c6f765a,6589764.4.bin,0x31f7564c,0x24a29756,0x04252000,0x31f7564c,0x329abdf0
0x5c6f765a,6589764.4.bin,0x33e0f91b,0xf94118fe,0x00000000,0x33e0f91b,0xef793258
0x5c6f765a,6589764.4.bin,0x3692ba0d,0x6fe64b4f,0x00000000,0x3692ba0d,0x79de61e9
0x5c6f765a,6589764.4.bin,0x38e352cf,0x3aa60819,0x034e3e00,0x38e352cf,0x2c9e22bf
0x5c6f765a,6589764.4.bin,0x3b94f202,0xc1067c46,0x04252000,0x3b94f202,0x00000000
0x5c6f765a,6589764.4.bin,0x3c131089,0x3505b14a,0x01b20100,0x3c131089,0x233d9bec
0x5c6f765a,6589764.4.bin,0x42d7944b,0xce513401,0x034e3300,0x42d7944b,0xd8691ea7
0x5c6f765a,6589764.4.bin,0x455e00ff,0x485bd8d5,0x00000000,0x455e00ff,0x5e63f273
0x5c6f765a,6589764.4.bin,0x46740834,0xe2c4dfc7,0x00380100,0x46740834,0x00000000
0x5c6f765a,6589764.4.bin,0x4baafe84,0xcad9f527,0x00000000,0xe0618dcc,0x00000000
0x5c6f765a,6589764.4.bin,0x581ab137,0x8c91e142,0x01b20100,0x581ab137,0x00000000
0x5c6f765a,6589764.4.bin,0x585a6188,0xac50df86,0x034e3400,0x585a6188,0xba68f520
0x5c6f765a,6589764.4.bin,0x5908615f,0x17f1ee63,0x00000000,0x5908615f,0x01c9c4c5
0x5c6f765a,6589764.4.bin,0x5bdb0233,0xa4d2c149,0x00000000,0x5bdb0233,0x00000000
0x5c6f765a,6589764.4.bin,0x5cc811f7,0x8b87205e,0x00000000,0x5cc811f7,0x9dbf0af8
0x5c6f765a,6589764.4.bin,0x5fa6efcf,0xc244c907,0x034e3b00,0x5fa6efcf,0xd47ce3a1
0x5c6f765a,6589764.4.bin,0x61de91f8,0x6c9243f3,0x00000000,0x61de91f8,0x7aaa6955
0x5c6f765a,6589764.4.bin,0x652c3db4,0xbf502945,0x01b20100,0xdeeca4c1,0xa96803e3
0x5c6f765a,6589764.4.bin,0x693ec7bc,0xa753670b,0x00000000,0x693ec7bc,0xb16b4dad
0x5c6f765a,6589764.4.bin,0x6c1c6c71,0x7863d66f,0x01b26000,0xf57bbe8e,0x00000000
0x5c6f765a,6589764.4.bin,0x72f831f4,0x62be501f,0x0425f700,0x1228f75f,0x00000000
0x5c6f765a,6589764.4.bin,0x78773224,0x920c16d2,0x00000000,0x78773224,0x84343c74
0x5c6f765a,6589764.4.bin,0x7d7614aa,0xa3bba583,0x0038cf00,0x7d7614aa,0xb5838f25
0x5c6f765a,6589764.4.bin,0x805f7715,0x32b64004,0x034e3200,0x805f7715,0x00000000
0x5c6f765a,6589764.4.bin,0x81aa07b7,0xc33d2df8,0x071b9800,0xc92a40bb,0x00000000
0x5c6f765a,6589764.4.bin,0x83aa4eb0,0x66dbfc08,0x00000000,0x15c918a4,0x00000000
0x5c6f765a,6589764.4.bin,0x83b88a25,0xd6e2d156,0x00000000,0xc6386e7c,0x00000000
0x5c6f765a,6589764.4.bin,0x86b63df0,0xe5bce2c4,0x034e3b00,0x86b63df0,0xf384c862
0x5c6f765a,6589764.4.bin,0x87c9f821,0x23062071,0x00000000,0x87c9f821,0x00000000
0x5c6f765a,6589764.4.bin,0x8d16ae58,0x9c73bc2e,0x034e3b00,0x8d16ae58,0x00000000
0x5c6f765a,6589764.4.bin,0x8d59156c,0x6c7dcc23,0x00000000,0x8d59156c,0x00000000
0x5c6f765a,6589764.4.bin,0x9098183f,0x32293880,0x071b9800,0xbc921aa6,0x00000000
0x5c6f765a,6589764.4.bin,0x9478e8bf,0xa861c87d,0x071b9800,0x3f1490d4,0x00000000
0x5c6f765a,6589764.4.bin,0x94c16510,0xe5fb4b0f,0x00000000,0x94c16510,0x00000000
0x5c6f765a,6589764.4.bin,0x9576d460,0x768724ab,0x034e3400,0x9576d460,0x60bf0e0d
0x5c6f765a,6589764.4.bin,0x962707e8,0x92fdaeb0,0x00000000,0x962707e8,0x84c58416
0x5c6f765a,6589764.4.bin,0x978db007,0xecf04a42,0x00380100,0x978db007,0x00000000
0x5c6f765a,6589764.4.bin,0x97a69284,0x00000000,0x00000000,0x97a69284,0x00000000
0x5c6f765a,6589764.4.bin,0x9872c024,0x5a60641e,0x04926800,0x9872c024,0x4c584eb8
0x5c6f765a,6589764.4.bin,0x9d31872c,0xde3b996b,0x00000000,0x9d31872c,0xc803b3cd
0x5c6f765a,6589764.4.bin,0x9dd8ec97,0xfaf37ed6,0x00000000,0xd6764cdb,0x00000000
0x5c6f765a,6589764.4.bin,0x9e7269ed,0x984a8016,0x01b20100,0xb57c6e4c,0x8e72aab0
0x5c6f765a,6589764.4.bin,0x9f41d347,0xa14813e2,0x00000000,0x9f41d347,0xb7703944
0x5c6f765a,6589764.4.bin,0xac31d258,0x2a31149f,0x034e3300,0xac31d258,0x3c093e39
0x5c6f765a,6589764.4.bin,0xaf1e269e,0x8b8df0df,0x00000000,0xaf1e269e,0x9db5da79
0x5c6f765a,6589764.4.bin,0xb07869ba,0xcbe2e5f4,0x01b20100,0x66361d8a,0x00000000
0x5c6f765a,6589764.4.bin,0xb6718863,0xbd9aa11d,0x071b9800,0xda25a0c0,0x00000000
0x5c6f765a,6589764.4.bin,0xb87ad46f,0xf4f4477b,0x00000000,0xb87ad46f,0xe2cc6ddd
0x5c6f765a,6589764.4.bin,0xb89a5bf0,0xd6e2d156,0x071b9800,0x480b6963,0x00000000
0x5c6f765a,6589764.4.bin,0xbc14afd8,0xe54735f7,0x034e3300,0xbc14afd8,0xf37f1f51
0x5c6f765a,6589764.4.bin,0xbe39e5bf,0xe6ad89a6,0x0425e600,0xea832926,0x00000000
0x5c6f765a,6589764.4.bin,0xbf8fdbaa,0x462fb076,0x071b9800,0x739fd0e4,0x50179ad0
0x5c6f765a,6589764.4.bin,0xbf8fdbaa,0xb240fbbb,0x00000000,0xbfc84f31,0x00000000
0x5c6f765a,6589764.4.bin,0xcca3bbcb,0xf75df0ee,0x01b26200,0xbfc1cce6,0x00000000
0x5c6f765a,6589764.4.bin,0xced8a36d,0x63fed6a3,0x0038cf00,0xced8a36d,0x00000000
0x5c6f765a,6589764.4.bin,0xdaf809c4,0x4616635f,0x071b9800,0x459866d7,0x00000000
0x5c6f765a,6589764.4.bin,0xdde605ce,0x6381bf1b,0x00000000,0xdde605ce,0x00000000
0x5c6f765a,6589764.4.bin,0xe08d024d,0x351c022d,0x04252000,0xe08d024d,0x00000000
0x5c6f765a,6589764.4.bin,0xe08f352c,0xef10fad4,0x01b20100,0x0a79cbb2,0x00000000
0x5c6f765a,6589764.4.bin,0xe08f352c,0xfa13829d,0x01b20100,0x80a9eb10,0xec2ba83b
0x5c6f765a,6589764.4.bin,0xe0bd0c86,0x0adcfdb1,0x00380100,0xe0bd0c86,0x1ce4d717
0x5c6f765a,6589764.4.bin,0xe51264e1,0xecb84d74,0x071b9800,0x551603dc,0x00000000
0x5c6f765a,6589764.4.bin,0xe5667bf5,0x8a9394bf,0x00000000,0xe5667bf5,0x00000000
0x5c6f765a,6589764.4.bin,0xe8203ae2,0x60103630,0x00000000,0xe8203ae2,0x76281c96
0x5c6f765a,6589764.4.bin,0xe999b707,0x26677aa8,0x00000000,0x8851f2cd,0x305f500e
0x5c6f765a,6589764.4.bin,0xe999b707,0xef10fad4,0x00000000,0xd468fb0a,0x00000000
0x5c6f765a,6589764.4.bin,0xefd744c7,0xe7d209a8,0x071b9800,0xafe8a95a,0x00000000
0x5c6f765a,6589764.4.bin,0xf2cbbc30,0x0073dfe8,0x00000000,0xf2cbbc30,0x00000000
0x6036478c,7672064.4.bin,0x0766109b,0x84385ae4,0x0a3d5000,0x73f4a8e1,0x00000000
0x6036478c,7672064.4.bin,0x0f925cab,0xba8a0448,0x00d0ff00,0x0f925cab,0x00000000
0x6036478c,7672064.4.bin,0x10588dfe,0x512f3e8b,0x08035b00,0x10588dfe,0x4717142d
0x6036478c,7672064.4.bin,0x11985e02,0x6b078f15,0x0a3d5000,0xa774bf57,0x00000000
0x6036478c,7672064.4.bin,0x141eac79,0xa77538e6,0x00380100,0x9ec0bcbe,0x00000000
0x6036478c,7672064.4.bin,0x16b0060f,0xc93be868,0x00bf6100,0x16b0060f,0xdf03c2ce
0x6036478c,7672064.4.bin,0x171f5f58,0x3b90013e,0x0a23b100,0xd58bb63d,0x00000000
0x6036478c,7672064.4.bin,0x1d489ffa,0x96eb9269,0x00000000,0xa45d2f4d,0x00000000
0x6036478c,7672064.4.bin,0x22555bf7,0x8419282e,0x00380100,0xb0ec1c9c,0x00000000
0x6036478c,7672064.4.bin,0x256bcad6,0x001e671c,0x00000000,0x256bcad6,0x16264dba
0x6036478c,7672064.4.bin,0x2a2b0964,0x96c07daa,0x00000000,0x2a2b0964,0x80f8570c
0x6036478c,7672064.4.bin,0x2c073ad6,0x14c5ba24,0x00000000,0x67aa2871,0x00000000
0x6036478c,7672064.4.bin,0x2c073ad6,0xef10fad4,0x00380100,0xd254dcce,0x00000000
0x6036478c,7672064.4.bin,0x2e293027,0xb8e211b4,0x08617600,0x2e293027,0xaeda3b12
0x6036478c,7672064.4.bin,0x344eff50,0xc28dbe6f,0x09504300,0x344eff50,0xd4b594c9
0x6036478c,7672064.4.bin,0x36940b07,0x24d8c2fa,0x0a1cf900,0x36940b07,0x00000000
0x6036478c,7672064.4.bin,0x4baafe84,0xcad9f527,0x0344ee00,0xe0618dcc,0x00000000
0x6036478c,7672064.4.bin,0x4fbd80e8,0x7e703cc2,0x00380100,0x4fbd80e8,0x68481664
0x6036478c,7672064.4.bin,0x53a01f34,0x1243d993,0x071be700,0x53a01f34,0x047bf335
0x6036478c,7672064.4.bin,0x572f7778,0x63090790,0x01c43000,0x572f7778,0x75312d36
0x6036478c,7672064.4.bin,0x5bdb0233,0xa4d2c149,0x00000000,0x5bdb0233,0x00000000
0x6036478c,7672064.4.bin,0x5cc811f7,0x8b87205e,0x00000000,0x5cc811f7,0x9dbf0af8
0x6036478c,7672064.4.bin,0x652c3db4,0xbf502945,0x00380100,0xdeeca4c1,0xa96803e3
0x6036478c,7672064.4.bin,0x6572bcfb,0xfe16b96a,0x0a1ca000,0x6572bcfb,0xe82e93cc
0x6036478c,7672064.4.bin,0x67e9eb41,0x4b10597f,0x00000000,0x67e9eb41,0x5d2873d9
0x6036478c,7672064.4.bin,0x682e3da0,0xc62bb164,0x0a3a6b00,0x682e3da0,0xd0139bc2
0x6036478c,7672064.4.bin,0x68916db5,0x0defce9d,0x00000000,0x68916db5,0x00000000
0x6036478c,7672064.4.bin,0x68ef1f90,0x09edba1a,0x034e3300,0x68ef1f90,0x1fd590bc
0x6036478c,7672064.4.bin,0x6c1c6c71,0x7863d66f,0x0a39b300,0xf57bbe8e,0x00000000
0x6036478c,7672064.4.bin,0x70f9c277,0x2078d870,0x00380100,0x12b3eae0,0x00000000
0x6036478c,7672064.4.bin,0x714d74d0,0xa24c29f6,0x00380100,0x714d74d0,0xb4740350
0x6036478c,7672064.4.bin,0x72f831f4,0x62be501f,0x00380100,0x1228f75f,0x00000000
0x6036478c,7672064.4.bin,0x7757d474,0x32597600,0x00000000,0x7757d474,0x00000000
0x6036478c,7672064.4.bin,0x80cf2020,0x70844930,0x00380100,0x8049cda4,0x00000000
0x6036478c,7672064.4.bin,0x80cf2020,0xef10fad4,0x00380100,0xea5f7fb2,0x00000000
0x6036478c,7672064.4.bin,0x81aa07b7,0xc33d2df8,0x0a23b100,0xc92a40bb,0x00000000
0x6036478c,7672064.4.bin,0x83aa4eb0,0x66dbfc08,0x00000000,0x15c918a4,0x00000000
0x6036478c,7672064.4.bin,0x83b88a25,0xd6e2d156,0x00380100,0xc6386e7c,0x00000000
0x6036478c,7672064.4.bin,0x8db49190,0x139b10e5,0x04895f00,0x84453df5,0x00000000
0x6036478c,7672064.4.bin,0x8db49190,0xef10fad4,0x00000000,0xf5ab586e,0x00000000
0x6036478c,7672064.4.bin,0x8ef65ddc,0xa6b72ce0,0x009e6000,0x8ef65ddc,0xb08f0646
0x6036478c,7672064.4.bin,0x8f424011,0xd6123125,0x00380100,0x8f424011,0xc02a1b83
0x6036478c,7672064.4.bin,0x9098183f,0x32293880,0x00380300,0xbc921aa6,0x00000000
0x6036478c,7672064.4.bin,0x9478e8bf,0xa861c87d,0x0a23b100,0x3f1490d4,0x00000000
0x6036478c,7672064.4.bin,0x94c16510,0xe5fb4b0f,0x00380100,0x94c16510,0x00000000
0x6036478c,7672064.4.bin,0x95057d60,0xde24c442,0x00bf5400,0x95057d60,0x00000000
0x6036478c,7672064.4.bin,0x9716e10a,0xa343e053,0x0a3aac00,0x9716e10a,0xb57bcaf5
0x6036478c,7672064.4.bin,0x9dd8ec97,0xfaf37ed6,0x00380100,0xd6764cdb,0x00000000
0x6036478c,7672064.4.bin,0x9e7269ed,0x984a8016,0x00380100,0xb57c6e4c,0x8e72aab0
0x6036478c,7672064.4.bin,0xa16af65a,0x784b0ec7,0x00380100,0xa16af65a,0x6e732461
0x6036478c,7672064.4.bin,0xa32fc494,0x45c41aec,0x00000000,0xa32fc494,0x00000000
0x6036478c,7672064.4.bin,0xad8942b9,0x61e58945,0x00000000,0xad8942b9,0x77dda3e3
0x6036478c,7672064.4.bin,0xaf1e269e,0x8b8df0df,0x0a1c4500,0xaf1e269e,0x9db5da79
0x6036478c,7672064.4.bin,0xb3492920,0xab1bb70a,0x00380100,0xb3492920,0x00000000
0x6036478c,7672064.4.bin,0xb5afd344,0xa86cbe93,0x00380100,0xb5afd344,0x00000000
0x6036478c,7672064.4.bin,0xb6718863,0xbd9aa11d,0x00380200,0xda25a0c0,0x00000000
0x6036478c,7672064.4.bin,0xb8738007,0x6577721d,0x00000000,0xb8738007,0x734f58bb
0x6036478c,7672064.4.bin,0xb89a5bf0,0xd6e2d156,0x0a23b100,0x480b6963,0x00000000
0x6036478c,7672064.4.bin,0xbbc51af4,0xf7867577,0x00380100,0xbbc51af4,0xe1be5fd1
0x6036478c,7672064.4.bin,0xbf8fdbaa,0x462fb076,0x0a23b100,0x739fd0e4,0x50179ad0
0x6036478c,7672064.4.bin,0xbf8fdbaa,0xb240fbbb,0x00000000,0xbfc84f31,0x00000000
0x6036478c,7672064.4.bin,0xc1a135cd,0x5f1bab0e,0x04895f00,0xc1a135cd,0x492381a8
0x6036478c,7672064.4.bin,0xc1daa320,0x806c1f68,0x09586900,0xc1daa320,0x00000000
0x6036478c,7672064.4.bin,0xc77d4554,0x0fe2cafe,0x00380100,0x0575d413,0x00000000
0x6036478c,7672064.4.bin,0xc8827230,0x8d1ca536,0x09620c00,0xc8827230,0x9b248f90
0x6036478c,7672064.4.bin,0xcca3bbcb,0xf75df0ee,0x00000000,0xbfc1cce6,0x00000000
0x6036478c,7672064.4.bin,0xd5c3b623,0x933523be,0x00380100,0xd5c3b623,0x850d0918
0x6036478c,7672064.4.bin,0xd62c06fc,0x0d7bc808,0x00380100,0x69e5e376,0x00000000
0x6036478c,7672064.4.bin,0xd62c06fc,0xef10fad4,0x00380100,0xa1117bc4,0x00000000
0x6036478c,7672064.4.bin,0xdaf809c4,0x4616635f,0x0a23b100,0x459866d7,0x00000000
0x6036478c,7672064.4.bin,0xdf06ef4c,0xd7aee14d,0x09509500,0xdf06ef4c,0xc196cbeb
0x6036478c,7672064.4.bin,0xe08f352c,0xef10fad4,0x00380100,0x0a79cbb2,0x00000000
0x6036478c,7672064.4.bin,0xe08f352c,0xfa13829d,0x00000000,0x80a9eb10,0xec2ba83b
0x6036478c,7672064.4.bin,0xe51264e1,0xecb84d74,0x00380400,0x551603dc,0x00000000
0x6036478c,7672064.4.bin,0xe5667bf5,0x8a9394bf,0x00000000,0xe5667bf5,0x00000000
0x6036478c,7672064.4.bin,0xe999b707,0x26677aa8,0x00000000,0x8851f2cd,0x305f500e
0x6036478c,7672064.4.bin,0xe999b707,0xef10fad4,0x00000000,0xd468fb0a,0x00000000
0x6036478c,7672064.4.bin,0xea00e970,0x6af0feed,0x0a1ce600,0xea00e970,0x7cc8d44b
0x6036478c,7672064.4.bin,0xeb932047,0x14c611ec,0x0a258500,0xeb932047,0x02fe3b4a
0x6036478c,7672064.4.bin,0xefd744c7,0xe7d209a8,0x0a23b100,0xafe8a95a,0x00000000
0x6036478c,7672064.4.bin,0xf49272e5,0x0e2af299,0x00000000,0xf49272e5,0x1812d83f
0x6036478c,7672064.4.bin,0xf9fc9947,0xc2a364f7,0x00380100,0xe0a48f51,0x00000000
0x6036478c,7672064.4.bin,0xfc797264,0x37c9f4db,0x00000000,0xfc797264,0x21f1de7d
0x6202993f,7682936.4.bin,0x27e7cb05,0x9734768d,0x027f3100,0x27e7cb05,0x810c5c2b
0x6202993f,7682936.4.bin,0x3395d51d,0x5a06665a,0x00bf2200,0x3395d51d,0x4c3e4cfc
0x6202993f,7682936.4.bin,0x347d79ee,0x0091593c,0x0a417500,0x347d79ee,0x16a9739a
0x6202993f,7682936.4.bin,0x38e352cf,0x3aa60819,0x0a418e00,0x38e352cf,0x2c9e22bf
0x6202993f,7682936.4.bin,0x42d7944b,0xce513401,0x0a13a300,0x42d7944b,0xd8691ea7
0x6202993f,7682936.4.bin,0x86b63df0,0xe5bce2c4,0x0a374200,0x86b63df0,0xf384c862
0x6202993f,7682936.4.bin,0xac31d258,0x2a31149f,0x0a20f400,0xac31d258,0x3c093e39
0x6202993f,7682936.4.bin,0xae30f7d0,0x6f694bc4,0x0a10cf00,0xae30f7d0,0x79516162
0x6202993f,7682936.4.bin,0xb24bf9a3,0x4b28c329,0x08bc7f00,0x307a99c1,0x00000000
0x6202993f,7682936.4.bin,0xb24bf9a3,0xef10fad4,0x0a482f00,0x643597cc,0x00000000
0x6202993f,7682936.4.bin,0xc9535a02,0xa0051abc,0x0a098900,0xc9535a02,0xb63d301a
0x6202993f,7682936.4.bin,0xe0bd0c86,0x0adcfdb1,0x0a098900,0xe0bd0c86,0x1ce4d717
0x6202993f,7682936.4.bin,0xe5e1b14f,0x129da472,0x0962b400,0x1395d149,0x00000000
0x6202993f,7682936.4.bin,0xe5e1b14f,0xef10fad4,0x0a368200,0x1e1d8ff5,0x00000000
0x6202993f,7682936.4.bin,0xf29adb15,0x5b7f2540,0x09594900,0x05308326,0x00000000
0x6202993f,7682936.4.bin,0xf29adb15,0xef10fad4,0x0a4fcc00,0xedd87637,0x00000000
0x6202993f,7682936.4.bin,0xf2cbbc30,0x0073dfe8,0x0a3a4200,0xf2cbbc30,0x00000000
0x6202993f,7682936.4.bin,0xf3ab8a11,0xd8e64dbb,0x0a194900,0xf3ab8a11,0xcede671d
0x640c2862,7683480.4.bin,0x27e7cb05,0x9734768d,0x0a4f6700,0x27e7cb05,0x810c5c2b
0x640c2862,7683480.4.bin,0x2de15520,0xa4b24fb8,0x0a500900,0x2de15520,0xb28a651e
0x640c2862,7683480.4.bin,0x5cc04518,0x6c970954,0x01ba2900,0x5cc04518,0x7aaf23f2
0x640c2862,7683480.4.bin,0x5de34dcd,0x0590955a,0x0a599e00,0x5de34dcd,0x13a8bffc
0x640c2862,7683480.4.bin,0x79c7023c,0xde430c88,0x0a098900,0x79c7023c,0xc87b262e
0x640c2862,7683480.4.bin,0x817f6ff3,0x90f8f9d9,0x0a2c7c00,0x817f6ff3,0x00000000
0x640c2862,7683480.4.bin,0x8335b1b0,0xd27d486b,0x0a2e0600,0x8335b1b0,0x00000000
0x640c2862,7683480.4.bin,0xb24bf9a3,0x4b28c329,0x0a417500,0x307a99c1,0x00000000
0x640c2862,7683480.4.bin,0xb24bf9a3,0xef10fad4,0x0951ba00,0x643597cc,0x00000000
0x640c2862,7683480.4.bin,0xe5e1b14f,0x129da472,0x0a196500,0x1395d149,0x00000000
0x640c2862,7683480.4.bin,0xe5e1b14f,0xef10fad4,0x0a519f00,0x1e1d8ff5,0x00000000
0x640c2862,7683480.4.bin,0xf29adb15,0x5b7f2540,0x0a36e500,0x05308326,0x00000000
0x640c2862,7683480.4.bin,0xf29adb15,0xef10fad4,0x0a3ac800,0xedd87637,0x00000000
0x6a2dcfd5,7805368.4.bin,0x070766a2,0x2fd5336c,0x00380100,0xa8a7590b,0x00000000
0x6a2dcfd5,7805368.4.bin,0x0766109b,0x84385ae4,0x0a35d000,0x73f4a8e1,0x00000000
0x6a2dcfd5,7805368.4.bin,0x0c4e052d,0x2e6112bf,0x00000000,0x0c4e052d,0x00000000
0x6a2dcfd5,7805368.4.bin,0x0f925cab,0xba8a0448,0x00000000,0x0f925cab,0x00000000
0x6a2dcfd5,7805368.4.bin,0x10588dfe,0x512f3e8b,0x00000000,0x10588dfe,0x4717142d
0x6a2dcfd5,7805368.4.bin,0x11985e02,0x6b078f15,0x00380200,0xa774bf57,0x00000000
0x6a2dcfd5,7805368.4.bin,0x127bfc43,0xfb177833,0x00000000,0x127bfc43,0xed2f5295
0x6a2dcfd5,7805368.4.bin,0x1502f55f,0x9970f52d,0x00000000,0x1502f55f,0x8f48df8b
0x6a2dcfd5,7805368.4.bin,0x16b0060f,0xc93be868,0x00380100,0x16b0060f,0xdf03c2ce
0x6a2dcfd5,7805368.4.bin,0x171f5f58,0x3b90013e,0x0a304000,0xd58bb63d,0x00000000
0x6a2dcfd5,7805368.4.bin,0x1d489ffa,0x96eb9269,0x00000000,0xa45d2f4d,0x00000000
0x6a2dcfd5,7805368.4.bin,0x22555bf7,0x8419282e,0x00380100,0xb0ec1c9c,0x00000000
0x6a2dcfd5,7805368.4.bin,0x2a2b0964,0x96c07daa,0x00380100,0x2a2b0964,0x80f8570c
0x6a2dcfd5,7805368.4.bin,0x2c073ad6,0x14c5ba24,0x00380100,0x67aa2871,0x00000000
0x6a2dcfd5,7805368.4.bin,0x2c073ad6,0xef10fad4,0x00380100,0xd254dcce,0x00000000
0x6a2dcfd5,7805368.4.bin,0x2d66b2fa,0xa7582a1a,0x00000000,0x2d66b2fa,0xb16000bc
0x6a2dcfd5,7805368.4.bin,0x2e293027,0xb8e211b4,0x00000000,0x2e293027,0xaeda3b12
0x6a2dcfd5,7805368.4.bin,0x344eff50,0xc28dbe6f,0x00380100,0x344eff50,0xd4b594c9
0x6a2dcfd5,7805368.4.bin,0x455e00ff,0x485bd8d5,0x00000000,0x455e00ff,0x5e63f273
0x6a2dcfd5,7805368.4.bin,0x4baafe84,0xcad9f527,0x00380100,0xe0618dcc,0x00000000
0x6a2dcfd5,7805368.4.bin,0x4fbd80e8,0x7e703cc2,0x00000000,0x4fbd80e8,0x68481664
0x6a2dcfd5,7805368.4.bin,0x54f7cddd,0xf462ee63,0x00000000,0x54f7cddd,0xe25ac4c5
0x6a2dcfd5,7805368.4.bin,0x572f7778,0x63090790,0x00000000,0x572f7778,0x75312d36
0x6a2dcfd5,7805368.4.bin,0x5908615f,0x17f1ee63,0x00380100,0x5908615f,0x01c9c4c5
0x6a2dcfd5,7805368.4.bin,0x5bdb0233,0xa4d2c149,0x00380100,0x5bdb0233,0x00000000
0x6a2dcfd5,7805368.4.bin,0x5cc811f7,0x8b87205e,0x00000000,0x5cc811f7,0x9dbf0af8
0x6a2dcfd5,7805368.4.bin,0x60075ef3,0x1a9ae40b,0x0a288a00,0xfdbf7ac5,0x00000000
0x6a2dcfd5,7805368.4.bin,0x64c64344,0xeed667bd,0x00380100,0xe69777bd,0x00000000
0x6a2dcfd5,7805368.4.bin,0x652c3db4,0xbf502945,0x00380100,0xdeeca4c1,0xa96803e3
0x6a2dcfd5,7805368.4.bin,0x6572bcfb,0xfe16b96a,0x00000000,0x6572bcfb,0xe82e93cc
0x6a2dcfd5,7805368.4.bin,0x68ef1f90,0x09edba1a,0x00380100,0x68ef1f90,0x1fd590bc
0x6a2dcfd5,7805368.4.bin,0x6c1c6c71,0x7863d66f,0x095dfe00,0xf57bbe8e,0x00000000
0x6a2dcfd5,7805368.4.bin,0x72f831f4,0x62be501f,0x00380100,0x1228f75f,0x00000000
0x6a2dcfd5,7805368.4.bin,0x73f21cb4,0x8b5d90e1,0x00000000,0x73f21cb4,0x00000000
0x6a2dcfd5,7805368.4.bin,0x78bd5c4c,0x81d3c415,0x00000000,0x78bd5c4c,0x97ebeeb3
0x6a2dcfd5,7805368.4.bin,0x81aa07b7,0xc33d2df8,0x0a304000,0xc92a40bb,0x00000000
0x6a2dcfd5,7805368.4.bin,0x83aa4eb0,0x66dbfc08,0x00380400,0x15c918a4,0x00000000
0x6a2dcfd5,7805368.4.bin,0x83b88a25,0xd6e2d156,0x00000000,0xc6386e7c,0x00000000
0x6a2dcfd5,7805368.4.bin,0x880d1630,0x9f562e8d,0x00000000,0x880d1630,0x896e042b
0x6a2dcfd5,7805368.4.bin,0x8d59156c,0x6c7dcc23,0x00000000,0x8d59156c,0x00000000
0x6a2dcfd5,7805368.4.bin,0x8db49190,0x139b10e5,0x00380100,0x84453df5,0x00000000
0x6a2dcfd5,7805368.4.bin,0x8db49190,0xef10fad4,0x00380100,0xf5ab586e,0x00000000
0x6a2dcfd5,7805368.4.bin,0x8ef65ddc,0xa6b72ce0,0x00000000,0x8ef65ddc,0xb08f0646
0x6a2dcfd5,7805368.4.bin,0x8f424011,0xd6123125,0x00380100,0x8f424011,0xc02a1b83
0x6a2dcfd5,7805368.4.bin,0x9098183f,0x32293880,0x0a304000,0xbc921aa6,0x00000000
0x6a2dcfd5,7805368.4.bin,0x9478e8bf,0xa861c87d,0x00380300,0x3f1490d4,0x00000000
0x6a2dcfd5,7805368.4.bin,0x95057d60,0xde24c442,0x00380100,0x95057d60,0x00000000
0x6a2dcfd5,7805368.4.bin,0x9716e10a,0xa343e053,0x00000000,0x9716e10a,0xb57bcaf5
0x6a2dcfd5,7805368.4.bin,0x9dd8ec97,0xfaf37ed6,0x00380100,0xd6764cdb,0x00000000
0x6a2dcfd5,7805368.4.bin,0x9e7269ed,0x984a8016,0x00380100,0xb57c6e4c,0x8e72aab0
0x6a2dcfd5,7805368.4.bin,0x9f41d347,0xa14813e2,0x00000000,0x9f41d347,0xb7703944
0x6a2dcfd5,7805368.4.bin,0xa5ce362e,0xe4e5fc51,0x00000000,0xa5ce362e,0xf2ddd6f7
0x6a2dcfd5,7805368.4.bin,0xaf1e269e,0x8b8df0df,0x00000000,0xaf1e269e,0x9db5da79
0x6a2dcfd5,7805368.4.bin,0xb3492920,0xab1bb70a,0x00000000,0xb3492920,0x00000000
0x6a2dcfd5,7805368.4.bin,0xb6718863,0xbd9aa11d,0x00380500,0xda25a0c0,0x00000000
0x6a2dcfd5,7805368.4.bin,0xb8738007,0x6577721d,0x00380100,0xb8738007,0x734f58bb
0x6a2dcfd5,7805368.4.bin,0xb89a5bf0,0xd6e2d156,0x0a304000,0x480b6963,0x00000000
0x6a2dcfd5,7805368.4.bin,0xbf8fdbaa,0x462fb076,0x0a304000,0x739fd0e4,0x50179ad0
0x6a2dcfd5,7805368.4.bin,0xbf8fdbaa,0xb240fbbb,0x00000000,0xbfc84f31,0x00000000
0x6a2dcfd5,7805368.4.bin,0xc171775f,0x15c7f38d,0x00000000,0xc171775f,0x03ffd92b
0x6a2dcfd5,7805368.4.bin,0xc1a135cd,0x5f1bab0e,0x00380100,0xc1a135cd,0x492381a8
0x6a2dcfd5,7805368.4.bin,0xc1daa320,0x806c1f68,0x00380100,0xc1daa320,0x00000000
0x6a2dcfd5,7805368.4.bin,0xc8827230,0x8d1ca536,0x00380100,0xc8827230,0x9b248f90
0x6a2dcfd5,7805368.4.bin,0xcca3bbcb,0xf75df0ee,0x00000000,0xbfc1cce6,0x00000000
0x6a2dcfd5,7805368.4.bin,0xd5c3b623,0x933523be,0x00000000,0xd5c3b623,0x850d0918
0x6a2dcfd5,7805368.4.bin,0xdaf809c4,0x4616635f,0x0a304000,0x459866d7,0x00000000
0x6a2dcfd5,7805368.4.bin,0xdf06ef4c,0xd7aee14d,0x00000000,0xdf06ef4c,0xc196cbeb
0x6a2dcfd5,7805368.4.bin,0xe08f352c,0xef10fad4,0x00380100,0x0a79cbb2,0x00000000
0x6a2dcfd5,7805368.4.bin,0xe08f352c,0xfa13829d,0x00000000,0x80a9eb10,0xec2ba83b
0x6a2dcfd5,7805368.4.bin,0xe51264e1,0xecb84d74,0x0a304000,0x551603dc,0x00000000
0x6a2dcfd5,7805368.4.bin,0xe5667bf5,0x8a9394bf,0x00000000,0xe5667bf5,0x00000000
0x6a2dcfd5,7805368.4.bin,0xe919d794,0x1af04702,0x00380100,0x83bf62a8,0x00000000
0x6a2dcfd5,7805368.4.bin,0xe999b707,0x26677aa8,0x00000000,0x8851f2cd,0x305f500e
0x6a2dcfd5,7805368.4.bin,0xe999b707,0xef10fad4,0x00000000,0xd468fb0a,0x00000000
0x6a2dcfd5,7805368.4.bin,0xea00e970,0x6af0feed,0x00380100,0xea00e970,0x7cc8d44b
0x6a2dcfd5,7805368.4.bin,0xeb932047,0x14c611ec,0x00380100,0xeb932047,0x02fe3b4a
0x6a2dcfd5,7805368.4.bin,0xefd744c7,0xe7d209a8,0x00380200,0xafe8a95a,0x00000000
0x6a2dcfd5,7805368.4.bin,0xf3ab8a11,0xd8e64dbb,0x00000000,0xf3ab8a11,0xcede671d
0x6a2dcfd5,7805368.4.bin,0xf5f6ddd3,0x490798a6,0x00380100,0xf5f6ddd3,0x5f3fb200
0x6a2dcfd5,7805368.4.bin,0xfc797264,0x37c9f4db,0x00380100,0xfc797264,0x21f1de7d
0x6a2dcfd5,7805368.4.bin,0xfda2fc8f,0x630f9c99,0x00000000,0xfda2fc8f,0x7537b63f
0x721e672a,8013844.4.bin,0x0d77b36f,0xb1229935,0x0a66e200,0x0d77b36f,0xa71ab393
0x721e672a,8013844.4.bin,0x1858a37e,0x8ef48cbd,0x0a4b7500,0x1858a37e,0x98cca61b
0x721e672a,8013844.4.bin,0x27e7cb05,0x9734768d,0x0a559400,0x27e7cb05,0x810c5c2b
0x721e672a,8013844.4.bin,0x28498919,0x37a0fef1,0x0a66f000,0x28498919,0x2198d457
0x721e672a,8013844.4.bin,0x2de15520,0xa4b24fb8,0x071f4c00,0x2de15520,0xb28a651e
0x721e672a,8013844.4.bin,0x4fbd80e8,0x7e703cc2,0x0a435a00,0x4fbd80e8,0x68481664
0x721e672a,8013844.4.bin,0x572ad17b,0x2f096eca,0x0a6ae400,0x572ad17b,0x00000000
0x721e672a,8013844.4.bin,0x5cc811f7,0x8b87205e,0x095a5e00,0x5cc811f7,0x9dbf0af8
0x721e672a,8013844.4.bin,0xb24bf9a3,0x4b28c329,0x09551600,0x307a99c1,0x00000000
0x721e672a,8013844.4.bin,0xb24bf9a3,0xef10fad4,0x01d76900,0x643597cc,0x00000000
0x721e672a,8013844.4.bin,0xcd3135a8,0x90b8590d,0x0957e000,0xcd3135a8,0x00000000
0x721e672a,8013844.4.bin,0xe5e1b14f,0x129da472,0x0a675500,0x1395d149,0x00000000
0x721e672a,8013844.4.bin,0xe5e1b14f,0xef10fad4,0x0a258c00,0x1e1d8ff5,0x00000000
0x721e672a,8013844.4.bin,0xf29adb15,0x5b7f2540,0x0a42e400,0x05308326,0x00000000
0x721e672a,8013844.4.bin,0xf29adb15,0xef10fad4,0x00a6d400,0xedd87637,0x00000000
0x8009e972,8261124.4.bin,0x00453f22,0x85d59ad4,0x00000000,0x00453f22,0x93edb072
0x8009e972,8261124.4.bin,0x02064d22,0x9ccb3932,0x00000000,0x02064d22,0x8af31394
0x8009e972,8261124.4.bin,0x05a1d5d0,0xcaae9512,0x00000000,0x05a1d5d0,0xdc96bfb4
0x8009e972,8261124.4.bin,0x0608c07b,0x2f8fdaaa,0x00380100,0x0608c07b,0x39b7f00c
0x8009e972,8261124.4.bin,0x0766109b,0x84385ae4,0x0a675900,0x73f4a8e1,0x00000000
0x8009e972,8261124.4.bin,0x08126717,0x0a3d1e0d,0x00000000,0x08126717,0x1c0534ab
0x8009e972,8261124.4.bin,0x0a86d48c,0x8e5ad5b9,0x00000000,0x0a86d48c,0x9862ff1f
0x8009e972,8261124.4.bin,0x0d77b36f,0xb1229935,0x02b36b00,0x0d77b36f,0xa71ab393
0x8009e972,8261124.4.bin,0x11985e02,0x6b078f15,0x0a675900,0xa774bf57,0x00000000
0x8009e972,8261124.4.bin,0x127bfc43,0xfb177833,0x00000000,0x127bfc43,0xed2f5295
0x8009e972,8261124.4.bin,0x171f5f58,0x3b90013e,0x0a675900,0xd58bb63d,0x00000000
0x8009e972,8261124.4.bin,0x1858a37e,0x8ef48cbd,0x00000000,0x1858a37e,0x98cca61b
0x8009e972,8261124.4.bin,0x1ac9bbb1,0x3d367676,0x01b2c200,0x1ac9bbb1,0x2b0e5cd0
0x8009e972,8261124.4.bin,0x1d489ffa,0x96eb9269,0x0a675900,0xa45d2f4d,0x00000000
0x8009e972,8261124.4.bin,0x22555bf7,0x8419282e,0x00380100,0xb0ec1c9c,0x00000000
0x8009e972,8261124.4.bin,0x28498919,0x37a0fef1,0x00000000,0x28498919,0x2198d457
0x8009e972,8261124.4.bin,0x2de15520,0xa4b24fb8,0x00380100,0x2de15520,0xb28a651e
0x8009e972,8261124.4.bin,0x31f7564c,0x24a29756,0x00380100,0x31f7564c,0x329abdf0
0x8009e972,8261124.4.bin,0x32ba3239,0xe9317314,0x00380100,0x32ba3239,0x00000000
0x8009e972,8261124.4.bin,0x3692ba0d,0x6fe64b4f,0x00380100,0x3692ba0d,0x79de61e9
0x8009e972,8261124.4.bin,0x37141b4d,0x1fbe267f,0x02b36b00,0x37141b4d,0x09860cd9
0x8009e972,8261124.4.bin,0x376bf58a,0x8bfec218,0x00000000,0x376bf58a,0x00000000
0x8009e972,8261124.4.bin,0x469faae8,0x694a1cea,0x00000000,0x469faae8,0x7f72364c
0x8009e972,8261124.4.bin,0x49c8a8de,0x8cce6a83,0x00380100,0x49c8a8de,0x9af64025
0x8009e972,8261124.4.bin,0x4d1ab8ac,0x8d1a6822,0x00380100,0x4d1ab8ac,0x9b224284
0x8009e972,8261124.4.bin,0x4fbd80e8,0x7e703cc2,0x00000000,0x4fbd80e8,0x68481664
0x8009e972,8261124.4.bin,0x553afca1,0x8d5e865d,0x00ffbb00,0x553afca1,0x9b66acfb
0x8009e972,8261124.4.bin,0x572ad17b,0x2f096eca,0x00000000,0x572ad17b,0x00000000
0x8009e972,8261124.4.bin,0x581ab137,0x8c91e142,0x00380100,0x581ab137,0x00000000
0x8009e972,8261124.4.bin,0x58326b33,0x536491dc,0x0a41d900,0x58326b33,0x00000000
0x8009e972,8261124.4.bin,0x5908615f,0x17f1ee63,0x00380100,0x5908615f,0x01c9c4c5
0x8009e972,8261124.4.bin,0x5a438ff8,0x6e9e9471,0x00000000,0x5a438ff8,0x78a6bed7
0x8009e972,8261124.4.bin,0x5bdb0233,0xa4d2c149,0x00380100,0x5bdb0233,0x00000000
0x8009e972,8261124.4.bin,0x5cc811f7,0x8b87205e,0x00000000,0x5cc811f7,0x9dbf0af8
0x8009e972,8261124.4.bin,0x5e91b6be,0xd08e3934,0x00000000,0x5e91b6be,0xc6b61392
0x8009e972,8261124.4.bin,0x645d1a16,0xa13d6122,0x09513000,0x645d1a16,0xb7054b84
0x8009e972,8261124.4.bin,0x652c3db4,0xbf502945,0x00000000,0xdeeca4c1,0xa96803e3
0x8009e972,8261124.4.bin,0x65c0d022,0xaab57803,0x00000000,0x65c0d022,0xbc8d52a5
0x8009e972,8261124.4.bin,0x693ec7bc,0xa753670b,0x00380100,0x693ec7bc,0xb16b4dad
0x8009e972,8261124.4.bin,0x6c1c6c71,0x7863d66f,0x0a6ae500,0xf57bbe8e,0x00000000
0x8009e972,8261124.4.bin,0x72f831f4,0x62be501f,0x0a66f900,0x1228f75f,0x00000000
0x8009e972,8261124.4.bin,0x79902933,0x50a635b7,0x00380100,0x79902933,0x469e1f11
0x8009e972,8261124.4.bin,0x7e65ac01,0x3e7d8184,0x00000000,0x7e65ac01,0x2845ab22
0x8009e972,8261124.4.bin,0x80477923,0x80d3309a,0x00000000,0x80477923,0x96eb1a3c
0x8009e972,8261124.4.bin,0x81604830,0xc119ec18,0x00000000,0x81604830,0xd721c6be
0x8009e972,8261124.4.bin,0x81aa07b7,0xc33d2df8,0x0a675900,0xc92a40bb,0x00000000
0x8009e972,8261124.4.bin,0x83aa4eb0,0x66dbfc08,0x0a675900,0x15c918a4,0x00000000
0x8009e972,8261124.4.bin,0x83b88a25,0xd6e2d156,0x00380100,0xc6386e7c,0x00000000
0x8009e972,8261124.4.bin,0x84204826,0xc1d09bdf,0x00000000,0x7ee4a941,0xd7e8b179
0x8009e972,8261124.4.bin,0x84204826,0xa6b9b4c7,0x00380100,0xe1add1bd,0x00000000
0x8009e972,8261124.4.bin,0x84204826,0xef10fad4,0x00000000,0xf20dc7b1,0x00000000
0x8009e972,8261124.4.bin,0x857a37a4,0x5738e448,0x00000000,0x857a37a4,0x4100ceee
0x8009e972,8261124.4.bin,0x8c2575ee,0xe868780a,0x0a41e900,0x8c2575ee,0x00000000
0x8009e972,8261124.4.bin,0x8d59156c,0x6c7dcc23,0x00380100,0x8d59156c,0x00000000
0x8009e972,8261124.4.bin,0x9098183f,0x32293880,0x0a675900,0xbc921aa6,0x00000000
0x8009e972,8261124.4.bin,0x944af4be,0xef10fad4,0x00380100,0x530daae3,0x00000000
0x8009e972,8261124.4.bin,0x944af4be,0x3b66435f,0x00380100,0x58c70cd7,0x00000000
0x8009e972,8261124.4.bin,0x9478e8bf,0xa861c87d,0x0a675900,0x3f1490d4,0x00000000
0x8009e972,8261124.4.bin,0x94c16510,0xe5fb4b0f,0x00380100,0x94c16510,0x00000000
0x8009e972,8261124.4.bin,0x9ab8dacb,0xb67ece3b,0x00000000,0x9ab8dacb,0xa046e49d
0x8009e972,8261124.4.bin,0x9d31872c,0xde3b996b,0x00000000,0x9d31872c,0xc803b3cd
0x8009e972,8261124.4.bin,0x9dd8ec97,0xfaf37ed6,0x00380100,0xd6764cdb,0x00000000
0x8009e972,8261124.4.bin,0x9e7269ed,0x984a8016,0x00000000,0xb57c6e4c,0x8e72aab0
0x8009e972,8261124.4.bin,0xa41b7c5d,0x3fce5862,0x0a256c00,0xa41b7c5d,0x29f672c4
0x8009e972,8261124.4.bin,0xa9926e27,0xfa6a53c8,0x0a2d1600,0xa9926e27,0xec52796e
0x8009e972,8261124.4.bin,0xaadd7941,0x76458d87,0x00000000,0xaadd7941,0x607da721
0x8009e972,8261124.4.bin,0xad885996,0x28a3a90d,0x00af5300,0xad885996,0x00000000
0x8009e972,8261124.4.bin,0xaf1e269e,0x8b8df0df,0x094fb100,0xaf1e269e,0x9db5da79
0x8009e972,8261124.4.bin,0xb586d710,0xb2d31abe,0x00000000,0xb586d710,0xa4eb3018
0x8009e972,8261124.4.bin,0xb5d99860,0xcec99c20,0x00000000,0xb5d99860,0xd8f1b686
0x8009e972,8261124.4.bin,0xb6718863,0xbd9aa11d,0x0a675900,0xda25a0c0,0x00000000
0x8009e972,8261124.4.bin,0xb87ad46f,0xf4f4477b,0x00000000,0xb87ad46f,0xe2cc6ddd
0x8009e972,8261124.4.bin,0xb89a5bf0,0xd6e2d156,0x0a675900,0x480b6963,0x00000000
0x8009e972,8261124.4.bin,0xb98e0ced,0xaa44e215,0x00000000,0xb98e0ced,0xbc7cc8b3
0x8009e972,8261124.4.bin,0xbaca8996,0x65342dcc,0x04921300,0xbaca8996,0x00000000
0x8009e972,8261124.4.bin,0xbf8fdbaa,0x462fb076,0x0a675900,0x739fd0e4,0x50179ad0
0x8009e972,8261124.4.bin,0xbf8fdbaa,0xb240fbbb,0x0a675900,0xbfc84f31,0x00000000
0x8009e972,8261124.4.bin,0xc938b157,0x00000000,0x00000000,0xc938b157,0x00000000
0x8009e972,8261124.4.bin,0xcca3bbcb,0xf75df0ee,0x0a6ae800,0xbfc1cce6,0x00000000
0x8009e972,8261124.4.bin,0xcd3135a8,0x90b8590d,0x0a18aa00,0xcd3135a8,0x00000000
0x8009e972,8261124.4.bin,0xcebc5276,0x6fd91db3,0x00000000,0xcebc5276,0x79e13715
0x8009e972,8261124.4.bin,0xd515ff99,0x9bb2d7f6,0x00000000,0xd515ff99,0x00000000
0x8009e972,8261124.4.bin,0xd9ecf425,0xddc3fb0d,0x095a5e00,0xd9ecf425,0xcbfbd1ab
0x8009e972,8261124.4.bin,0xdaf809c4,0x4616635f,0x0a675900,0x459866d7,0x00000000
0x8009e972,8261124.4.bin,0xe08d024d,0x351c022d,0x00380100,0xe08d024d,0x00000000
0x8009e972,8261124.4.bin,0xe08f352c,0xef10fad4,0x0a66d800,0x0a79cbb2,0x00000000
0x8009e972,8261124.4.bin,0xe08f352c,0xfa13829d,0x0a66d700,0x80a9eb10,0xec2ba83b
0x8009e972,8261124.4.bin,0xe0bd0c86,0x0adcfdb1,0x00380100,0xe0bd0c86,0x1ce4d717
0x8009e972,8261124.4.bin,0xe0cb7c23,0xc9e593ef,0x00000000,0xe0cb7c23,0xdfddb949
0x8009e972,8261124.4.bin,0xe51264e1,0xecb84d74,0x0a675900,0x551603dc,0x00000000
0x8009e972,8261124.4.bin,0xe5667bf5,0x8a9394bf,0x00000000,0xe5667bf5,0x00000000
0x8009e972,8261124.4.bin,0xe5a13cc2,0xa9199ec9,0x00000000,0xe5a13cc2,0xbf21b46f
0x8009e972,8261124.4.bin,0xe999b707,0x26677aa8,0x0a66fd00,0x8851f2cd,0x305f500e
0x8009e972,8261124.4.bin,0xe999b707,0xef10fad4,0x00000000,0xd468fb0a,0x00000000
0x8009e972,8261124.4.bin,0xeb3f3abb,0x4c7d348b,0x00000000,0xeb3f3abb,0x5a451e2d
0x8009e972,8261124.4.bin,0xefd744c7,0xe7d209a8,0x0a675900,0xafe8a95a,0x00000000
0x8009e972,8261124.4.bin,0xf3ab8a11,0xd8e64dbb,0x00380100,0xf3ab8a11,0xcede671d
0x8009e972,8261124.4.bin,0xfc18ed13,0xaa86da3d,0x00000000,0xfc18ed13,0xbcbef09b
0x81c1dbe3,8266780.4.bin,0x0766109b,0x84385ae4,0x0a3fe000,0x73f4a8e1,0x00000000
0x81c1dbe3,8266780.4.bin,0x0f925cab,0xba8a0448,0x0a18bf00,0x0f925cab,0x00000000
0x81c1dbe3,8266780.4.bin,0x10588dfe,0x512f3e8b,0x0951b700,0x10588dfe,0x4717142d
0x81c1dbe3,8266780.4.bin,0x11985e02,0x6b078f15,0x0a3fe000,0xa774bf57,0x00000000
0x81c1dbe3,8266780.4.bin,0x16b0060f,0xc93be868,0x0a18e300,0x16b0060f,0xdf03c2ce
0x81c1dbe3,8266780.4.bin,0x171f5f58,0x3b90013e,0x0a3fe000,0xd58bb63d,0x00000000
0x81c1dbe3,8266780.4.bin,0x1d489ffa,0x96eb9269,0x0a3fe000,0xa45d2f4d,0x00000000
0x81c1dbe3,8266780.4.bin,0x256bcad6,0x001e671c,0x00380100,0x256bcad6,0x16264dba
0x81c1dbe3,8266780.4.bin,0x2a2b0964,0x96c07daa,0x00380100,0x2a2b0964,0x80f8570c
0x81c1dbe3,8266780.4.bin,0x2e293027,0xb8e211b4,0x0a29cf00,0x2e293027,0xaeda3b12
0x81c1dbe3,8266780.4.bin,0x344eff50,0xc28dbe6f,0x02b37a00,0x344eff50,0xd4b594c9
0x81c1dbe3,8266780.4.bin,0x36940b07,0x24d8c2fa,0x00a6ff00,0x36940b07,0x00000000
0x81c1dbe3,8266780.4.bin,0x4fbd80e8,0x7e703cc2,0x00000000,0x4fbd80e8,0x68481664
0x81c1dbe3,8266780.4.bin,0x572f7778,0x63090790,0x0a115b00,0x572f7778,0x75312d36
0x81c1dbe3,8266780.4.bin,0x5bdb0233,0xa4d2c149,0x0a1da200,0x5bdb0233,0x00000000
0x81c1dbe3,8266780.4.bin,0x5e8c5f40,0x442619a2,0x00380100,0x7039af79,0x00000000
0x81c1dbe3,8266780.4.bin,0x652c3db4,0xbf502945,0x00000000,0xdeeca4c1,0xa96803e3
0x81c1dbe3,8266780.4.bin,0x6572bcfb,0xfe16b96a,0x0a1bcd00,0x6572bcfb,0xe82e93cc
0x81c1dbe3,8266780.4.bin,0x67e9eb41,0x4b10597f,0x00000000,0x67e9eb41,0x5d2873d9
0x81c1dbe3,8266780.4.bin,0x682e3da0,0xc62bb164,0x04260d00,0x682e3da0,0xd0139bc2
0x81c1dbe3,8266780.4.bin,0x68ef1f90,0x09edba1a,0x0a2a7500,0x68ef1f90,0x1fd590bc
0x81c1dbe3,8266780.4.bin,0x6c1c6c71,0x7863d66f,0x0a426800,0xf57bbe8e,0x00000000
0x81c1dbe3,8266780.4.bin,0x714d74d0,0xa24c29f6,0x00380100,0x714d74d0,0xb4740350
0x81c1dbe3,8266780.4.bin,0x72f831f4,0x62be501f,0x00000000,0x1228f75f,0x00000000
0x81c1dbe3,8266780.4.bin,0x7757d474,0x32597600,0x00380100,0x7757d474,0x00000000
0x81c1dbe3,8266780.4.bin,0x81aa07b7,0xc33d2df8,0x0a3fe000,0xc92a40bb,0x00000000
0x81c1dbe3,8266780.4.bin,0x83aa4eb0,0x66dbfc08,0x0a3fe000,0x15c918a4,0x00000000
0x81c1dbe3,8266780.4.bin,0x880d1630,0x9f562e8d,0x00000000,0x880d1630,0x896e042b
0x81c1dbe3,8266780.4.bin,0x8ef65ddc,0xa6b72ce0,0x08bc7300,0x8ef65ddc,0xb08f0646
0x81c1dbe3,8266780.4.bin,0x8f424011,0xd6123125,0x09594900,0x8f424011,0xc02a1b83
0x81c1dbe3,8266780.4.bin,0x9098183f,0x32293880,0x0a3fe000,0xbc921aa6,0x00000000
0x81c1dbe3,8266780.4.bin,0x9478e8bf,0xa861c87d,0x00380400,0x3f1490d4,0x00000000
0x81c1dbe3,8266780.4.bin,0x94c16510,0xe5fb4b0f,0x0a10ce00,0x94c16510,0x00000000
0x81c1dbe3,8266780.4.bin,0x95057d60,0xde24c442,0x0951e500,0x95057d60,0x00000000
0x81c1dbe3,8266780.4.bin,0x9716e10a,0xa343e053,0x027ef000,0x9716e10a,0xb57bcaf5
0x81c1dbe3,8266780.4.bin,0x9dd8ec97,0xfaf37ed6,0x00380100,0xd6764cdb,0x00000000
0x81c1dbe3,8266780.4.bin,0x9e7269ed,0x984a8016,0x00380100,0xb57c6e4c,0x8e72aab0
0x81c1dbe3,8266780.4.bin,0xa0b4cce3,0xac78bc73,0x01d7a000,0xa0b4cce3,0xba4096d5
0x81c1dbe3,8266780.4.bin,0xa16af65a,0x784b0ec7,0x00000000,0xa16af65a,0x6e732461
0x81c1dbe3,8266780.4.bin,0xa32fc494,0x45c41aec,0x00000000,0xa32fc494,0x00000000
0x81c1dbe3,8266780.4.bin,0xad8942b9,0x61e58945,0x00000000,0xad8942b9,0x77dda3e3
0x81c1dbe3,8266780.4.bin,0xaf1e269e,0x8b8df0df,0x01d76c00,0xaf1e269e,0x9db5da79
0x81c1dbe3,8266780.4.bin,0xb3492920,0xab1bb70a,0x00380100,0xb3492920,0x00000000
0x81c1dbe3,8266780.4.bin,0xb6718863,0xbd9aa11d,0x0a382000,0xda25a0c0,0x00000000
0x81c1dbe3,8266780.4.bin,0xb8738007,0x6577721d,0x00e68c00,0xb8738007,0x734f58bb
0x81c1dbe3,8266780.4.bin,0xb89a5bf0,0xd6e2d156,0x00380200,0x480b6963,0x00000000
0x81c1dbe3,8266780.4.bin,0xbbc51af4,0xf7867577,0x00380100,0xbbc51af4,0xe1be5fd1
0x81c1dbe3,8266780.4.bin,0xbf8fdbaa,0x462fb076,0x00380100,0x739fd0e4,0x50179ad0
0x81c1dbe3,8266780.4.bin,0xbf8fdbaa,0xb240fbbb,0x00000000,0xbfc84f31,0x00000000
0x81c1dbe3,8266780.4.bin,0xc1a135cd,0x5f1bab0e,0x08bc2800,0xc1a135cd,0x492381a8
0x81c1dbe3,8266780.4.bin,0xc1daa320,0x806c1f68,0x0a0c6400,0xc1daa320,0x00000000
0x81c1dbe3,8266780.4.bin,0xc8827230,0x8d1ca536,0x04143100,0xc8827230,0x9b248f90
0x81c1dbe3,8266780.4.bin,0xcca3bbcb,0xf75df0ee,0x0a426900,0xbfc1cce6,0x00000000
0x81c1dbe3,8266780.4.bin,0xd54f046f,0x65c2b6ab,0x00000000,0xd54f046f,0x00000000
0x81c1dbe3,8266780.4.bin,0xd5c3b623,0x933523be,0x00000000,0xd5c3b623,0x850d0918
0x81c1dbe3,8266780.4.bin,0xdaf809c4,0x4616635f,0x0a3fe000,0x459866d7,0x00000000
0x81c1dbe3,8266780.4.bin,0xdf06ef4c,0xd7aee14d,0x009e5e00,0xdf06ef4c,0xc196cbeb
0x81c1dbe3,8266780.4.bin,0xe08f352c,0xef10fad4,0x00380100,0x0a79cbb2,0x00000000
0x81c1dbe3,8266780.4.bin,0xe08f352c,0xfa13829d,0x00000000,0x80a9eb10,0xec2ba83b
0x81c1dbe3,8266780.4.bin,0xe51264e1,0xecb84d74,0x0a3fe000,0x551603dc,0x00000000
0x81c1dbe3,8266780.4.bin,0xe5667bf5,0x8a9394bf,0x00000000,0xe5667bf5,0x00000000
0x81c1dbe3,8266780.4.bin,0xe999b707,0x26677aa8,0x00000000,0x8851f2cd,0x305f500e
0x81c1dbe3,8266780.4.bin,0xe999b707,0xef10fad4,0x00000000,0xd468fb0a,0x00000000
0x81c1dbe3,8266780.4.bin,0xea00e970,0x6af0feed,0x027f3200,0xea00e970,0x7cc8d44b
0x81c1dbe3,8266780.4.bin,0xeb932047,0x14c611ec,0x0a29cf00,0xeb932047,0x02fe3b4a
0x81c1dbe3,8266780.4.bin,0xefd744c7,0xe7d209a8,0x00380300,0xafe8a95a,0x00000000
0x81c1dbe3,8266780.4.bin,0xf49272e5,0x0e2af299,0x0a185d00,0xf49272e5,0x1812d83f
0x81c1dbe3,8266780.4.bin,0xf9fc9947,0xc2a364f7,0x00000000,0xe0a48f51,0x00000000
0x81c1dbe3,8266780.4.bin,0xfbeb6e78,0x7f0661b2,0x0a198a00,0xfbeb6e78,0x693e4b14
0x81c1dbe3,8266780.4.bin,0xfc797264,0x37c9f4db,0x00380100,0xfc797264,0x21f1de7d
0x8bda53ba,8783472.4.bin,0x00453f22,0x85d59ad4,0x00000000,0x00453f22,0x93edb072
0x8bda53ba,8783472.4.bin,0x0608c07b,0x2f8fdaaa,0x00000000,0x0608c07b,0x39b7f00c
0x8bda53ba,8783472.4.bin,0x0766109b,0x84385ae4,0x0a484f00,0x73f4a8e1,0x00000000
0x8bda53ba,8783472.4.bin,0x08126717,0x0a3d1e0d,0x0a37b800,0x08126717,0x1c0534ab
0x8bda53ba,8783472.4.bin,0x0a86d48c,0x8e5ad5b9,0x00000000,0x0a86d48c,0x9862ff1f
0x8bda53ba,8783472.4.bin,0x0d77b36f,0xb1229935,0x0a367a00,0x0d77b36f,0xa71ab393
0x8bda53ba,8783472.4.bin,0x11985e02,0x6b078f15,0x0a484f00,0xa774bf57,0x00000000
0x8bda53ba,8783472.4.bin,0x127bfc43,0xfb177833,0x00000000,0x127bfc43,0xed2f5295
0x8bda53ba,8783472.4.bin,0x171f5f58,0x3b90013e,0x0a484f00,0xd58bb63d,0x00000000
0x8bda53ba,8783472.4.bin,0x1858a37e,0x8ef48cbd,0x00000000,0x1858a37e,0x98cca61b
0x8bda53ba,8783472.4.bin,0x1ac9bbb1,0x3d367676,0x0a367d00,0x1ac9bbb1,0x2b0e5cd0
0x8bda53ba,8783472.4.bin,0x1d489ffa,0x96eb9269,0x0a484f00,0xa45d2f4d,0x00000000
0x8bda53ba,8783472.4.bin,0x22555bf7,0x8419282e,0x00000000,0xb0ec1c9c,0x00000000
0x8bda53ba,8783472.4.bin,0x3132c410,0xc7d1066a,0x00000000,0x3132c410,0xd1e92ccc
0x8bda53ba,8783472.4.bin,0x3174ba7e,0x3b2897a8,0x00380100,0x3174ba7e,0x00000000
0x8bda53ba,8783472.4.bin,0x31f7564c,0x24a29756,0x00000000,0x31f7564c,0x329abdf0
0x8bda53ba,8783472.4.bin,0x32ba3239,0xe9317314,0x00000000,0x32ba3239,0x00000000
0x8bda53ba,8783472.4.bin,0x3692ba0d,0x6fe64b4f,0x0a37b900,0x3692ba0d,0x79de61e9
0x8bda53ba,8783472.4.bin,0x37141b4d,0x1fbe267f,0x0a367b00,0x37141b4d,0x09860cd9
0x8bda53ba,8783472.4.bin,0x3f6525dd,0xcd4901fd,0x00000000,0x3f6525dd,0xdb712b5b
0x8bda53ba,8783472.4.bin,0x4151fb2b,0x36648f28,0x0a484f00,0x4151fb2b,0x205ca58e
0x8bda53ba,8783472.4.bin,0x49eb8f4a,0x94c70af4,0x00000000,0x49eb8f4a,0x82ff2052
0x8bda53ba,8783472.4.bin,0x4baafe84,0xcad9f527,0x0a42f000,0xe0618dcc,0x00000000
0x8bda53ba,8783472.4.bin,0x4d1ab8ac,0x8d1a6822,0x00000000,0x4d1ab8ac,0x9b224284
0x8bda53ba,8783472.4.bin,0x4fbd80e8,0x7e703cc2,0x0a427000,0x4fbd80e8,0x68481664
0x8bda53ba,8783472.4.bin,0x51ae3e70,0x71778f31,0x00000000,0x51ae3e70,0x674fa597
0x8bda53ba,8783472.4.bin,0x553afca1,0x8d5e865d,0x0a367a00,0x553afca1,0x9b66acfb
0x8bda53ba,8783472.4.bin,0x572ad17b,0x2f096eca,0x00000000,0x572ad17b,0x00000000
0x8bda53ba,8783472.4.bin,0x581ab137,0x8c91e142,0x00000000,0x581ab137,0x00000000
0x8bda53ba,8783472.4.bin,0x58326b33,0x536491dc,0x0a367800,0x58326b33,0x00000000
0x8bda53ba,8783472.4.bin,0x5908615f,0x17f1ee63,0x00000000,0x5908615f,0x01c9c4c5
0x8bda53ba,8783472.4.bin,0x5bdb0233,0xa4d2c149,0x00000000,0x5bdb0233,0x00000000
0x8bda53ba,8783472.4.bin,0x5cc811f7,0x8b87205e,0x00000000,0x5cc811f7,0x9dbf0af8
0x8bda53ba,8783472.4.bin,0x5deb5b7b,0x9581b950,0x0a484f00,0x43652c89,0x00000000
0x8bda53ba,8783472.4.bin,0x5e91b6be,0xd08e3934,0x00000000,0x5e91b6be,0xc6b61392
0x8bda53ba,8783472.4.bin,0x645d1a16,0xa13d6122,0x0a366d00,0x645d1a16,0xb7054b84
0x8bda53ba,8783472.4.bin,0x652c3db4,0xbf502945,0x00000000,0xdeeca4c1,0xa96803e3
0x8bda53ba,8783472.4.bin,0x6643a56f,0xc73fabcc,0x00000000,0x6643a56f,0xd107816a
0x8bda53ba,8783472.4.bin,0x6985659d,0xf6c2fed0,0x0a484f00,0xcbef6035,0x00000000
0x8bda53ba,8783472.4.bin,0x6c1c6c71,0x7863d66f,0x0a41fa00,0xf57bbe8e,0x00000000
0x8bda53ba,8783472.4.bin,0x72f831f4,0x62be501f,0x0a484f00,0x1228f75f,0x00000000
0x8bda53ba,8783472.4.bin,0x73f21cb4,0x8b5d90e1,0x00000000,0x73f21cb4,0x00000000
0x8bda53ba,8783472.4.bin,0x78bd5c4c,0x81d3c415,0x00000000,0x78bd5c4c,0x97ebeeb3
0x8bda53ba,8783472.4.bin,0x7e65ac01,0x3e7d8184,0x00000000,0x7e65ac01,0x2845ab22
0x8bda53ba,8783472.4.bin,0x81aa07b7,0xc33d2df8,0x0a484f00,0xc92a40bb,0x00000000
0x8bda53ba,8783472.4.bin,0x8335b1b0,0xd27d486b,0x0a367800,0x8335b1b0,0x00000000
0x8bda53ba,8783472.4.bin,0x83aa4eb0,0x66dbfc08,0x0a42dd00,0x15c918a4,0x00000000
0x8bda53ba,8783472.4.bin,0x83b88a25,0xd6e2d156,0x00000000,0xc6386e7c,0x00000000
0x8bda53ba,8783472.4.bin,0x84204826,0xc1d09bdf,0x0a484f00,0x7ee4a941,0xd7e8b179
0x8bda53ba,8783472.4.bin,0x84204826,0xa6b9b4c7,0x0a484f00,0xe1add1bd,0x00000000
0x8bda53ba,8783472.4.bin,0x84204826,0xef10fad4,0x0a484f00,0xf20dc7b1,0x00000000
0x8bda53ba,8783472.4.bin,0x857a37a4,0x5738e448,0x00000000,0x857a37a4,0x4100ceee
0x8bda53ba,8783472.4.bin,0x8c2575ee,0xe868780a,0x0a367800,0x8c2575ee,0x00000000
0x8bda53ba,8783472.4.bin,0x8d59156c,0x6c7dcc23,0x0a427000,0x8d59156c,0x00000000
0x8bda53ba,8783472.4.bin,0x9098183f,0x32293880,0x0a484f00,0xbc921aa6,0x00000000
0x8bda53ba,8783472.4.bin,0x914a84df,0x1989dc45,0x0a484f00,0xd2760a3f,0x00000000
0x8bda53ba,8783472.4.bin,0x944af4be,0xef10fad4,0x0a484f00,0x530daae3,0x00000000
0x8bda53ba,8783472.4.bin,0x944af4be,0x3b66435f,0x0a484f00,0x58c70cd7,0x00000000
0x8bda53ba,8783472.4.bin,0x9478e8bf,0xa861c87d,0x0a484f00,0x3f1490d4,0x00000000
0x8bda53ba,8783472.4.bin,0x94c16510,0xe5fb4b0f,0x00000000,0x94c16510,0x00000000
0x8bda53ba,8783472.4.bin,0x94c9904e,0xcb22ddae,0x00000000,0x94c9904e,0xdd1af708
0x8bda53ba,8783472.4.bin,0x9ab8dacb,0xb67ece3b,0x00000000,0x9ab8dacb,0xa046e49d
0x8bda53ba,8783472.4.bin,0x9d31872c,0xde3b996b,0x0a427000,0x9d31872c,0xc803b3cd
0x8bda53ba,8783472.4.bin,0x9dd8ec97,0xfaf37ed6,0x0a484f00,0xd6764cdb,0x00000000
0x8bda53ba,8783472.4.bin,0x9e7269ed,0x984a8016,0x0a484f00,0xb57c6e4c,0x8e72aab0
0x8bda53ba,8783472.4.bin,0xa2a4cd36,0xd9afbd84,0x00000000,0xa2a4cd36,0xcf979722
0x8bda53ba,8783472.4.bin,0xa41b7c5d,0x3fce5862,0x0a367900,0xa41b7c5d,0x29f672c4
0x8bda53ba,8783472.4.bin,0xa9926e27,0xfa6a53c8,0x00000000,0xa9926e27,0xec52796e
0x8bda53ba,8783472.4.bin,0xaadd7941,0x76458d87,0x00000000,0xaadd7941,0x607da721
0x8bda53ba,8783472.4.bin,0xad885996,0x28a3a90d,0x0a367d00,0xad885996,0x00000000
0x8bda53ba,8783472.4.bin,0xaf1e269e,0x8b8df0df,0x0a367b00,0xaf1e269e,0x9db5da79
0x8bda53ba,8783472.4.bin,0xb07869ba,0xcbe2e5f4,0x00000000,0x66361d8a,0x00000000
0x8bda53ba,8783472.4.bin,0xb5d99860,0xcec99c20,0x00000000,0xb5d99860,0xd8f1b686
0x8bda53ba,8783472.4.bin,0xb6718863,0xbd9aa11d,0x00380200,0xda25a0c0,0x00000000
0x8bda53ba,8783472.4.bin,0xb87ad46f,0xf4f4477b,0x0a427000,0xb87ad46f,0xe2cc6ddd
0x8bda53ba,8783472.4.bin,0xb89a5bf0,0xd6e2d156,0x0a484f00,0x480b6963,0x00000000
0x8bda53ba,8783472.4.bin,0xb98e0ced,0xaa44e215,0x00000000,0xb98e0ced,0xbc7cc8b3
0x8bda53ba,8783472.4.bin,0xbaca8996,0x65342dcc,0x0a367800,0xbaca8996,0x00000000
0x8bda53ba,8783472.4.bin,0xbf8fdbaa,0x462fb076,0x0a484f00,0x739fd0e4,0x50179ad0
0x8bda53ba,8783472.4.bin,0xbf8fdbaa,0xb240fbbb,0x0a484f00,0xbfc84f31,0x00000000
0x8bda53ba,8783472.4.bin,0xc77d4554,0x0fe2cafe,0x0a484f00,0x0575d413,0x00000000
0x8bda53ba,8783472.4.bin,0xc938b157,0x00000000,0x00000000,0xc938b157,0x00000000
0x8bda53ba,8783472.4.bin,0xcca3bbcb,0xf75df0ee,0x0a41fc00,0xbfc1cce6,0x00000000
0x8bda53ba,8783472.4.bin,0xcd3135a8,0x90b8590d,0x0a367800,0xcd3135a8,0x00000000
0x8bda53ba,8783472.4.bin,0xd4ce4a1c,0x970e689d,0x00000000,0xd4ce4a1c,0x8136423b
0x8bda53ba,8783472.4.bin,0xd54711a4,0x9aaaf20d,0x00000000,0xd54711a4,0x00000000
0x8bda53ba,8783472.4.bin,0xd9ecf425,0xddc3fb0d,0x0a367b00,0xd9ecf425,0xcbfbd1ab
0x8bda53ba,8783472.4.bin,0xdaf809c4,0x4616635f,0x0a484f00,0x459866d7,0x00000000
0x8bda53ba,8783472.4.bin,0xe08d024d,0x351c022d,0x00380100,0xe08d024d,0x00000000
0x8bda53ba,8783472.4.bin,0xe08f352c,0xef10fad4,0x0a484f00,0x0a79cbb2,0x00000000
0x8bda53ba,8783472.4.bin,0xe08f352c,0xfa13829d,0x00000000,0x80a9eb10,0xec2ba83b
0x8bda53ba,8783472.4.bin,0xe0bd0c86,0x0adcfdb1,0x00000000,0xe0bd0c86,0x1ce4d717
0x8bda53ba,8783472.4.bin,0xe0cb7c23,0xc9e593ef,0x00000000,0xe0cb7c23,0xdfddb949
0x8bda53ba,8783472.4.bin,0xe51264e1,0xecb84d74,0x0a484f00,0x551603dc,0x00000000
0x8bda53ba,8783472.4.bin,0xe5667bf5,0x8a9394bf,0x00000000,0xe5667bf5,0x00000000
0x8bda53ba,8783472.4.bin,0xe999b707,0x26677aa8,0x00000000,0x8851f2cd,0x305f500e
0x8bda53ba,8783472.4.bin,0xe999b707,0xef10fad4,0x00000000,0xd468fb0a,0x00000000
0x8bda53ba,8783472.4.bin,0xeaca1515,0x7acd777d,0x00000000,0xeaca1515,0x6cf55ddb
0x8bda53ba,8783472.4.bin,0xefd744c7,0xe7d209a8,0x0a484f00,0xafe8a95a,0x00000000
0x8bda53ba,8783472.4.bin,0xfda2fc8f,0x630f9c99,0x0a484f00,0xfda2fc8f,0x7537b63f
0x943ef9c0,9693996.4.bin,0x00453f22,0x85d59ad4,0x00380100,0x00453f22,0x93edb072
0x943ef9c0,9693996.4.bin,0x004d2b82,0x2f4a1258,0x00000000,0x004d2b82,0x397238fe
0x943ef9c0,9693996.4.bin,0x02064d22,0x9ccb3932,0x00380100,0x02064d22,0x8af31394
0x943ef9c0,9693996.4.bin,0x04462756,0x15151c0d,0x00000000,0xbf214e71,0x00000000
0x943ef9c0,9693996.4.bin,0x05a1d5d0,0xcaae9512,0x00000000,0x05a1d5d0,0xdc96bfb4
0x943ef9c0,9693996.4.bin,0x0766109b,0x84385ae4,0x0a51f900,0x73f4a8e1,0x00000000
0x943ef9c0,9693996.4.bin,0x0cb67299,0x3b8e3a61,0x00380100,0x8796f1ba,0x00000000
0x943ef9c0,9693996.4.bin,0x0d77b36f,0xb1229935,0x0a419200,0x0d77b36f,0xa71ab393
0x943ef9c0,9693996.4.bin,0x0ef12014,0x554d97b9,0x00380100,0x2ff49b9f,0x00000000
0x943ef9c0,9693996.4.bin,0x0fc9f96a,0x949b8969,0x00000000,0x142e5048,0x82a3a3cf
0x943ef9c0,9693996.4.bin,0x0fc9f96a,0xef10fad4,0x00000000,0xbbdbdef0,0x00000000
0x943ef9c0,9693996.4.bin,0x11985e02,0x6b078f15,0x0a51f900,0xa774bf57,0x00000000
0x943ef9c0,9693996.4.bin,0x127bfc43,0xfb177833,0x00000000,0x127bfc43,0xed2f5295
0x943ef9c0,9693996.4.bin,0x134e34e0,0xb2b123de,0x00380100,0x134e34e0,0xa4890978
0x943ef9c0,9693996.4.bin,0x15d6182f,0x074dd133,0x00000000,0x15d6182f,0x1175fb95
0x943ef9c0,9693996.4.bin,0x171f5f58,0x3b90013e,0x0a51f900,0xd58bb63d,0x00000000
0x943ef9c0,9693996.4.bin,0x1858a37e,0x8ef48cbd,0x00000000,0x1858a37e,0x98cca61b
0x943ef9c0,9693996.4.bin,0x1ac9bbb1,0x3d367676,0x00380100,0x1ac9bbb1,0x2b0e5cd0
0x943ef9c0,9693996.4.bin,0x1d489ffa,0x96eb9269,0x00000000,0xa45d2f4d,0x00000000
0x943ef9c0,9693996.4.bin,0x37141b4d,0x1fbe267f,0x00380100,0x37141b4d,0x09860cd9
0x943ef9c0,9693996.4.bin,0x38e352cf,0x3aa60819,0x00000000,0x38e352cf,0x2c9e22bf
0x943ef9c0,9693996.4.bin,0x3ac68288,0x4249a10e,0x00000000,0x3ac68288,0x54718ba8
0x943ef9c0,9693996.4.bin,0x42d7944b,0xce513401,0x00000000,0x42d7944b,0xd8691ea7
0x943ef9c0,9693996.4.bin,0x48e98e4f,0x7832ec9d,0x00000000,0xe1cfd665,0x00000000
0x943ef9c0,9693996.4.bin,0x4d1ab8ac,0x8d1a6822,0x00000000,0x4d1ab8ac,0x9b224284
0x943ef9c0,9693996.4.bin,0x51ae3e70,0x71778f31,0x00000000,0x51ae3e70,0x674fa597
0x943ef9c0,9693996.4.bin,0x553afca1,0x8d5e865d,0x00380100,0x553afca1,0x9b66acfb
0x943ef9c0,9693996.4.bin,0x58326b33,0x536491dc,0x00380100,0x58326b33,0x00000000
0x943ef9c0,9693996.4.bin,0x5a438ff8,0x6e9e9471,0x00000000,0x5a438ff8,0x78a6bed7
0x943ef9c0,9693996.4.bin,0x5cc04518,0x6c970954,0x00000000,0x5cc04518,0x7aaf23f2
0x943ef9c0,9693996.4.bin,0x5de34dcd,0x0590955a,0x00380100,0x5de34dcd,0x13a8bffc
0x943ef9c0,9693996.4.bin,0x5e91b6be,0xd08e3934,0x00000000,0x5e91b6be,0xc6b61392
0x943ef9c0,9693996.4.bin,0x652c3db4,0xbf502945,0x00000000,0xdeeca4c1,0xa96803e3
0x943ef9c0,9693996.4.bin,0x6643a56f,0xc73fabcc,0x00380100,0x6643a56f,0xd107816a
0x943ef9c0,9693996.4.bin,0x6c1c6c71,0x7863d66f,0x0a558600,0xf57bbe8e,0x00000000
0x943ef9c0,9693996.4.bin,0x6ee326ec,0x7dbea1da,0x00000000,0x6ee326ec,0x6b868b7c
0x943ef9c0,9693996.4.bin,0x70f9c277,0x2078d870,0x00380100,0x12b3eae0,0x00000000
0x943ef9c0,9693996.4.bin,0x72f831f4,0x62be501f,0x00380100,0x1228f75f,0x00000000
0x943ef9c0,9693996.4.bin,0x73f21cb4,0x8b5d90e1,0x00000000,0x73f21cb4,0x00000000
0x943ef9c0,9693996.4.bin,0x79902933,0x50a635b7,0x00000000,0x79902933,0x469e1f11
0x943ef9c0,9693996.4.bin,0x79c7023c,0xde430c88,0x00000000,0x79c7023c,0xc87b262e
0x943ef9c0,9693996.4.bin,0x817f6ff3,0x90f8f9d9,0x00000000,0x817f6ff3,0x00000000
0x943ef9c0,9693996.4.bin,0x81aa07b7,0xc33d2df8,0x0a51f900,0xc92a40bb,0x00000000
0x943ef9c0,9693996.4.bin,0x822067cb,0x03b81854,0x00380100,0x02cd7740,0x00000000
0x943ef9c0,9693996.4.bin,0x83aa4eb0,0x66dbfc08,0x0a51f900,0x15c918a4,0x00000000
0x943ef9c0,9693996.4.bin,0x83b88a25,0xd6e2d156,0x00380100,0xc6386e7c,0x00000000
0x943ef9c0,9693996.4.bin,0x84204826,0xc1d09bdf,0x00380100,0x7ee4a941,0xd7e8b179
0x943ef9c0,9693996.4.bin,0x84204826,0xa6b9b4c7,0x00000000,0xe1add1bd,0x00000000
0x943ef9c0,9693996.4.bin,0x84204826,0xef10fad4,0x00380100,0xf20dc7b1,0x00000000
0x943ef9c0,9693996.4.bin,0x88196295,0x477b7081,0x00000000,0xd177c383,0x00000000
0x943ef9c0,9693996.4.bin,0x8d45c22f,0xa5c1d564,0x00000000,0x8d45c22f,0xb3f9ffc2
0x943ef9c0,9693996.4.bin,0x8d59156c,0x6c7dcc23,0x00000000,0x8d59156c,0x00000000
0x943ef9c0,9693996.4.bin,0x9098183f,0x32293880,0x0a51f900,0xbc921aa6,0x00000000
0x943ef9c0,9693996.4.bin,0x91840bf1,0xfae13fb6,0x00000000,0x91840bf1,0xecd91510
0x943ef9c0,9693996.4.bin,0x944af4be,0xef10fad4,0x00380100,0x530daae3,0x00000000
0x943ef9c0,9693996.4.bin,0x944af4be,0x3b66435f,0x00380100,0x58c70cd7,0x00000000
0x943ef9c0,9693996.4.bin,0x9478e8bf,0xa861c87d,0x0a51f900,0x3f1490d4,0x00000000
0x943ef9c0,9693996.4.bin,0x94c16510,0xe5fb4b0f,0x00380100,0x94c16510,0x00000000
0x943ef9c0,9693996.4.bin,0x962707e8,0x92fdaeb0,0x00380100,0x962707e8,0x84c58416
0x943ef9c0,9693996.4.bin,0x9ab8dacb,0xb67ece3b,0x00380100,0x9ab8dacb,0xa046e49d
0x943ef9c0,9693996.4.bin,0x9c96d060,0xb74cf51f,0x00000000,0x9c96d060,0x00000000
0x943ef9c0,9693996.4.bin,0x9dd8ec97,0xfaf37ed6,0x00380100,0xd6764cdb,0x00000000
0x943ef9c0,9693996.4.bin,0x9e7269ed,0x984a8016,0x00380100,0xb57c6e4c,0x8e72aab0
0x943ef9c0,9693996.4.bin,0xa41b7c5d,0x3fce5862,0x00380100,0xa41b7c5d,0x29f672c4
0x943ef9c0,9693996.4.bin,0xa48b1da1,0xc15a2e49,0x00000000,0xa48b1da1,0xd76204ef
0x943ef9c0,9693996.4.bin,0xa9926e27,0xfa6a53c8,0x00380100,0xa9926e27,0xec52796e
0x943ef9c0,9693996.4.bin,0xaa68841f,0xe4fca5a7,0x00000000,0x5d0670f1,0x00000000
0x943ef9c0,9693996.4.bin,0xaadd7941,0x76458d87,0x00380100,0xaadd7941,0x607da721
0x943ef9c0,9693996.4.bin,0xac31d258,0x2a31149f,0x00380100,0xac31d258,0x3c093e39
0x943ef9c0,9693996.4.bin,0xaf1e269e,0x8b8df0df,0x00000000,0xaf1e269e,0x9db5da79
0x943ef9c0,9693996.4.bin,0xb17fe6b3,0x635eb8ea,0x00000000,0xb17fe6b3,0x7566924c
0x943ef9c0,9693996.4.bin,0xb19346b0,0x64fd5409,0x00380100,0xb19346b0,0x72c57eaf
0x943ef9c0,9693996.4.bin,0xb1e3b74c,0xa9dc9309,0x00000000,0xb1e3b74c,0x00000000
0x943ef9c0,9693996.4.bin,0xb5040db1,0x51fbb913,0x00000000,0xb5040db1,0x47c393b5
0x943ef9c0,9693996.4.bin,0xb63f2187,0x3ac4b6a3,0x00000000,0xb63f2187,0x2cfc9c05
0x943ef9c0,9693996.4.bin,0xb6718863,0xbd9aa11d,0x0a51f900,0xda25a0c0,0x00000000
0x943ef9c0,9693996.4.bin,0xb87ad46f,0xf4f4477b,0x00000000,0xb87ad46f,0xe2cc6ddd
0x943ef9c0,9693996.4.bin,0xb89a5bf0,0xd6e2d156,0x0a51f900,0x480b6963,0x00000000
0x943ef9c0,9693996.4.bin,0xbaca8996,0x65342dcc,0x00380100,0xbaca8996,0x00000000
0x943ef9c0,9693996.4.bin,0xbc14afd8,0xe54735f7,0x00380100,0xbc14afd8,0xf37f1f51
0x943ef9c0,9693996.4.bin,0xbf8fdbaa,0x462fb076,0x0a51f900,0x739fd0e4,0x50179ad0
0x943ef9c0,9693996.4.bin,0xbf8fdbaa,0xb240fbbb,0x0a51f900,0xbfc84f31,0x00000000
0x943ef9c0,9693996.4.bin,0xc2105f11,0x9bb5f94d,0x00380100,0xc2105f11,0x8d8dd3eb
0x943ef9c0,9693996.4.bin,0xc6d142a6,0xd2b89ec0,0x00000000,0xc6d142a6,0xc480b466
0x943ef9c0,9693996.4.bin,0xcca3bbcb,0xf75df0ee,0x0a558700,0xbfc1cce6,0x00000000
0x943ef9c0,9693996.4.bin,0xced8a36d,0x63fed6a3,0x00380100,0xced8a36d,0x00000000
0x943ef9c0,9693996.4.bin,0xcf5379c8,0x40a251da,0x00380100,0xcf5379c8,0x569a7b7c
0x943ef9c0,9693996.4.bin,0xd27719ff,0x792377c2,0x00000000,0xd27719ff,0x6f1b5d64
0x943ef9c0,9693996.4.bin,0xd40f4e07,0x2ed597e2,0x00380100,0xd40f4e07,0x38edbd44
0x943ef9c0,9693996.4.bin,0xd54711a4,0x9aaaf20d,0x00380100,0xd54711a4,0x00000000
0x943ef9c0,9693996.4.bin,0xd9ecf425,0xddc3fb0d,0x00380100,0xd9ecf425,0xcbfbd1ab
0x943ef9c0,9693996.4.bin,0xdaf809c4,0x4616635f,0x0a51f900,0x459866d7,0x00000000
0x943ef9c0,9693996.4.bin,0xe08f352c,0xef10fad4,0x00380100,0x0a79cbb2,0x00000000
0x943ef9c0,9693996.4.bin,0xe08f352c,0xfa13829d,0x00000000,0x80a9eb10,0xec2ba83b
0x943ef9c0,9693996.4.bin,0xe51264e1,0xecb84d74,0x0a51f900,0x551603dc,0x00000000
0x943ef9c0,9693996.4.bin,0xe5667bf5,0x8a9394bf,0x00380100,0xe5667bf5,0x00000000
0x943ef9c0,9693996.4.bin,0xe8203ae2,0x60103630,0x00000000,0xe8203ae2,0x76281c96
0x943ef9c0,9693996.4.bin,0xe9c1dbe4,0x373bfc3c,0x00000000,0xe9c1dbe4,0x2103d69a
0x943ef9c0,9693996.4.bin,0xeb3f3abb,0x4c7d348b,0x00000000,0xeb3f3abb,0x5a451e2d
0x943ef9c0,9693996.4.bin,0xeef212c3,0x12b07ff1,0x00380100,0xeef212c3,0x04885557
0x943ef9c0,9693996.4.bin,0xefd744c7,0xe7d209a8,0x0a51f900,0xafe8a95a,0x00000000
0x943ef9c0,9693996.4.bin,0xf3ab8a11,0xd8e64dbb,0x00000000,0xf3ab8a11,0xcede671d
0x943ef9c0,9693996.4.bin,0xfc18ed13,0xaa86da3d,0x00000000,0xfc18ed13,0xbcbef09b
0x9e257199,10070464.4.bin,0x0608c07b,0x2f8fdaaa,0x00000000,0x0608c07b,0x39b7f00c
0x9e257199,10070464.4.bin,0x0766109b,0x84385ae4,0x00380100,0x73f4a8e1,0x00000000
0x9e257199,10070464.4.bin,0x0c4e052d,0x2e6112bf,0x0a36e500,0x0c4e052d,0x00000000
0x9e257199,10070464.4.bin,0x0d77b36f,0xb1229935,0x0a509500,0x0d77b36f,0xa71ab393
0x9e257199,10070464.4.bin,0x11985e02,0x6b078f15,0x00380100,0xa774bf57,0x00000000
0x9e257199,10070464.4.bin,0x127bfc43,0xfb177833,0x00380100,0x127bfc43,0xed2f5295
0x9e257199,10070464.4.bin,0x14a10735,0x40d2dedc,0x00380100,0x14a10735,0x56eaf47a
0x9e257199,10070464.4.bin,0x171f5f58,0x3b90013e,0x00380100,0xd58bb63d,0x00000000
0x9e257199,10070464.4.bin,0x1ac9bbb1,0x3d367676,0x027ff600,0x1ac9bbb1,0x2b0e5cd0
0x9e257199,10070464.4.bin,0x1d489ffa,0x96eb9269,0x00380100,0xa45d2f4d,0x00000000
0x9e257199,10070464.4.bin,0x22555bf7,0x8419282e,0x00380100,0xb0ec1c9c,0x00000000
0x9e257199,10070464.4.bin,0x28498919,0x37a0fef1,0x00380100,0x28498919,0x2198d457
0x9e257199,10070464.4.bin,0x2c148393,0x00000000,0x00000000,0x2c148393,0x00000000
0x9e257199,10070464.4.bin,0x31f7564c,0x24a29756,0x00380100,0x31f7564c,0x329abdf0
0x9e257199,10070464.4.bin,0x37141b4d,0x1fbe267f,0x076bc900,0x37141b4d,0x09860cd9
0x9e257199,10070464.4.bin,0x397bb1f1,0x60ec6ddd,0x0a36e300,0x397bb1f1,0x00000000
0x9e257199,10070464.4.bin,0x3b94f202,0xc1067c46,0x0a558300,0x3b94f202,0x00000000
0x9e257199,10070464.4.bin,0x3f6525dd,0xcd4901fd,0x00000000,0x3f6525dd,0xdb712b5b
0x9e257199,10070464.4.bin,0x553afca1,0x8d5e865d,0x0a149f00,0x553afca1,0x9b66acfb
0x9e257199,10070464.4.bin,0x572ad17b,0x2f096eca,0x0a3cfa00,0x572ad17b,0x00000000
0x9e257199,10070464.4.bin,0x581ab137,0x8c91e142,0x00380100,0x581ab137,0x00000000
0x9e257199,10070464.4.bin,0x5a97743a,0x98622745,0x00380100,0x52f33648,0x00000000
0x9e257199,10070464.4.bin,0x645d1a16,0xa13d6122,0x0a517600,0x645d1a16,0xb7054b84
0x9e257199,10070464.4.bin,0x652c3db4,0xbf502945,0x00380100,0xdeeca4c1,0xa96803e3
0x9e257199,10070464.4.bin,0x693ec7bc,0xa753670b,0x0a2edd00,0x693ec7bc,0xb16b4dad
0x9e257199,10070464.4.bin,0x6c1c6c71,0x7863d66f,0x0a1c6400,0xf57bbe8e,0x00000000
0x9e257199,10070464.4.bin,0x72017dae,0x6ec7a7f2,0x00380100,0x5986ee1e,0x00000000
0x9e257199,10070464.4.bin,0x72f831f4,0x62be501f,0x00000000,0x1228f75f,0x00000000
0x9e257199,10070464.4.bin,0x79902933,0x50a635b7,0x00380100,0x79902933,0x469e1f11
0x9e257199,10070464.4.bin,0x79c7023c,0xde430c88,0x00000000,0x79c7023c,0xc87b262e
0x9e257199,10070464.4.bin,0x81aa07b7,0xc33d2df8,0x00380100,0xc92a40bb,0x00000000
0x9e257199,10070464.4.bin,0x83aa4eb0,0x66dbfc08,0x00380100,0x15c918a4,0x00000000
0x9e257199,10070464.4.bin,0x857a37a4,0x5738e448,0x00380100,0x857a37a4,0x4100ceee
0x9e257199,10070464.4.bin,0x8d59156c,0x6c7dcc23,0x00380100,0x8d59156c,0x00000000
0x9e257199,10070464.4.bin,0x9098183f,0x32293880,0x00380100,0xbc921aa6,0x00000000
0x9e257199,10070464.4.bin,0x927b251f,0xd1cae624,0x00380100,0xdda0987e,0x00000000
0x9e257199,10070464.4.bin,0x944af4be,0xef10fad4,0x00380100,0x530daae3,0x00000000
0x9e257199,10070464.4.bin,0x944af4be,0x3b66435f,0x00380100,0x58c70cd7,0x00000000
0x9e257199,10070464.4.bin,0x9478e8bf,0xa861c87d,0x00380100,0x3f1490d4,0x00000000
0x9e257199,10070464.4.bin,0x96b54794,0xf46e9681,0x00380100,0x96b54794,0xe256bc27
0x9e257199,10070464.4.bin,0x9dd8ec97,0xfaf37ed6,0x00380100,0xd6764cdb,0x00000000
0x9e257199,10070464.4.bin,0xa41b7c5d,0x3fce5862,0x0a517d00,0xa41b7c5d,0x29f672c4
0x9e257199,10070464.4.bin,0xaf1e269e,0x8b8df0df,0x00000000,0xaf1e269e,0x9db5da79
0x9e257199,10070464.4.bin,0xb586d710,0xb2d31abe,0x00000000,0xb586d710,0xa4eb3018
0x9e257199,10070464.4.bin,0xb6718863,0xbd9aa11d,0x00380100,0xda25a0c0,0x00000000
0x9e257199,10070464.4.bin,0xb87ad46f,0xf4f4477b,0x0a3c9500,0xb87ad46f,0xe2cc6ddd
0x9e257199,10070464.4.bin,0xb89a5bf0,0xd6e2d156,0x00380100,0x480b6963,0x00000000
0x9e257199,10070464.4.bin,0xbb84b406,0xbf42caac,0x00380100,0xe14567cb,0x00000000
0x9e257199,10070464.4.bin,0xbf8fdbaa,0x462fb076,0x00380100,0x739fd0e4,0x50179ad0
0x9e257199,10070464.4.bin,0xbf8fdbaa,0xb240fbbb,0x00000000,0xbfc84f31,0x00000000
0x9e257199,10070464.4.bin,0xc171775f,0x15c7f38d,0x0a567e00,0xc171775f,0x03ffd92b
0x9e257199,10070464.4.bin,0xc77d4554,0x0fe2cafe,0x00000000,0x0575d413,0x00000000
0x9e257199,10070464.4.bin,0xcadc58c6,0xc996b0b5,0x0a567d00,0xcadc58c6,0xdfae9a13
0x9e257199,10070464.4.bin,0xcca3bbcb,0xf75df0ee,0x0a3ce600,0xbfc1cce6,0x00000000
0x9e257199,10070464.4.bin,0xcebc5276,0x6fd91db3,0x00380100,0xcebc5276,0x79e13715
0x9e257199,10070464.4.bin,0xdaf809c4,0x4616635f,0x00380100,0x459866d7,0x00000000
0x9e257199,10070464.4.bin,0xdde605ce,0x6381bf1b,0x0a42d400,0xdde605ce,0x00000000
0x9e257199,10070464.4.bin,0xe08f352c,0xef10fad4,0x00380100,0x0a79cbb2,0x00000000
0x9e257199,10070464.4.bin,0xe08f352c,0xfa13829d,0x00000000,0x80a9eb10,0xec2ba83b
0x9e257199,10070464.4.bin,0xe2a76b6d,0xe140620e,0x00380100,0xf35831fb,0x00000000
0x9e257199,10070464.4.bin,0xe51264e1,0xecb84d74,0x00380100,0x551603dc,0x00000000
0x9e257199,10070464.4.bin,0xe999b707,0x26677aa8,0x00000000,0x8851f2cd,0x305f500e
0x9e257199,10070464.4.bin,0xe999b707,0xef10fad4,0x00380100,0xd468fb0a,0x00000000
0x9e257199,10070464.4.bin,0xefd744c7,0xe7d209a8,0x00380100,0xafe8a95a,0x00000000
0x9e257199,10070464.4.bin,0xfbeb6e78,0x7f0661b2,0x0a558f00,0xfbeb6e78,0x693e4b14
0xaf7abe2a,10999416.4.bin,0x11985e02,0x6b078f15,0x00380100,0xa774bf57,0x00000000
0xaf7abe2a,10999416.4.bin,0x171f5f58,0x3b90013e,0x00380100,0xd58bb63d,0x00000000
0xaf7abe2a,10999416.4.bin,0x1d489ffa,0x96eb9269,0x00380100,0xa45d2f4d,0x00000000
0xaf7abe2a,10999416.4.bin,0x1f4b5fc3,0x3d323f98,0x00380100,0x1f4b5fc3,0x2b0a153e
0xaf7abe2a,10999416.4.bin,0x4d960098,0x2e15e413,0x00380100,0xa3a4321a,0x00000000
0xaf7abe2a,10999416.4.bin,0x5a97743a,0x98622745,0x00380100,0x52f33648,0x00000000
0xaf7abe2a,10999416.4.bin,0x5deb5b7b,0x9581b950,0x00380100,0x43652c89,0x00000000
0xaf7abe2a,10999416.4.bin,0x652c3db4,0xbf502945,0x00380100,0xdeeca4c1,0xa96803e3
0xaf7abe2a,10999416.4.bin,0x6c1c6c71,0x7863d66f,0x00380100,0xf57bbe8e,0x00000000
0xaf7abe2a,10999416.4.bin,0x70f9c277,0x2078d870,0x00380100,0x12b3eae0,0x00000000
0xaf7abe2a,10999416.4.bin,0x722411bc,0xef6905eb,0x00000000,0x722411bc,0xf9512f4d
0xaf7abe2a,10999416.4.bin,0x72f831f4,0x62be501f,0x00380100,0x1228f75f,0x00000000
0xaf7abe2a,10999416.4.bin,0x78c2dc42,0x64abe67a,0x00380100,0x78c2dc42,0x7293ccdc
0xaf7abe2a,10999416.4.bin,0x81aa07b7,0xc33d2df8,0x00380100,0xc92a40bb,0x00000000
0xaf7abe2a,10999416.4.bin,0x83aa4eb0,0x66dbfc08,0x00380100,0x15c918a4,0x00000000
0xaf7abe2a,10999416.4.bin,0x83b88a25,0xd6e2d156,0x00380100,0xc6386e7c,0x00000000
0xaf7abe2a,10999416.4.bin,0x8db49190,0x139b10e5,0x00380100,0x84453df5,0x00000000
0xaf7abe2a,10999416.4.bin,0x8db49190,0xef10fad4,0x00380100,0xf5ab586e,0x00000000
0xaf7abe2a,10999416.4.bin,0x9098183f,0x32293880,0x00380100,0xbc921aa6,0x00000000
0xaf7abe2a,10999416.4.bin,0x914a84df,0x1989dc45,0x00380100,0xd2760a3f,0x00000000
0xaf7abe2a,10999416.4.bin,0x9478e8bf,0xa861c87d,0x00380100,0x3f1490d4,0x00000000
0xaf7abe2a,10999416.4.bin,0x9e7269ed,0x984a8016,0x00380100,0xb57c6e4c,0x8e72aab0
0xaf7abe2a,10999416.4.bin,0xaa73d779,0x34a1cc48,0x00380100,0xde748ec3,0x00000000
0xaf7abe2a,10999416.4.bin,0xb6718863,0xbd9aa11d,0x00380100,0xda25a0c0,0x00000000
0xaf7abe2a,10999416.4.bin,0xb89a5bf0,0xd6e2d156,0x00380100,0x480b6963,0x00000000
0xaf7abe2a,10999416.4.bin,0xbe39e5bf,0xe6ad89a6,0x00000000,0xea832926,0x00000000
0xaf7abe2a,10999416.4.bin,0xbf8fdbaa,0x462fb076,0x00380100,0x739fd0e4,0x50179ad0
0xaf7abe2a,10999416.4.bin,0xbf8fdbaa,0xb240fbbb,0x00380100,0xbfc84f31,0x00000000
0xaf7abe2a,10999416.4.bin,0xcca3bbcb,0xf75df0ee,0x00380100,0xbfc1cce6,0x00000000
0xaf7abe2a,10999416.4.bin,0xdaf809c4,0x4616635f,0x00380100,0x459866d7,0x00000000
0xaf7abe2a,10999416.4.bin,0xe08f352c,0xef10fad4,0x00380100,0x0a79cbb2,0x00000000
0xaf7abe2a,10999416.4.bin,0xe08f352c,0xfa13829d,0x00380100,0x80a9eb10,0xec2ba83b
0xaf7abe2a,10999416.4.bin,0xe51264e1,0xecb84d74,0x00380100,0x551603dc,0x00000000
0xaf7abe2a,10999416.4.bin,0xe999b707,0x26677aa8,0x00380100,0x8851f2cd,0x305f500e
0xaf7abe2a,10999416.4.bin,0xe999b707,0xef10fad4,0x00380100,0xd468fb0a,0x00000000
0xaf7abe2a,10999416.4.bin,0xefd744c7,0xe7d209a8,0x00380100,0xafe8a95a,0x00000000
0xc32438c4,12065744.4.bin,0x00453f22,0x85d59ad4,0x00380100,0x00453f22,0x93edb072
0xc32438c4,12065744.4.bin,0x0608c07b,0x2f8fdaaa,0x00000000,0x0608c07b,0x39b7f00c
0xc32438c4,12065744.4.bin,0x0766109b,0x84385ae4,0x0a152000,0x73f4a8e1,0x00000000
0xc32438c4,12065744.4.bin,0x08126717,0x0a3d1e0d,0x00000000,0x08126717,0x1c0534ab
0xc32438c4,12065744.4.bin,0x0a86d48c,0x8e5ad5b9,0x00380100,0x0a86d48c,0x9862ff1f
0xc32438c4,12065744.4.bin,0x11985e02,0x6b078f15,0x0a152000,0xa774bf57,0x00000000
0xc32438c4,12065744.4.bin,0x127bfc43,0xfb177833,0x0a0ca400,0x127bfc43,0xed2f5295
0xc32438c4,12065744.4.bin,0x141eac79,0xa77538e6,0x00380100,0x9ec0bcbe,0x00000000
0xc32438c4,12065744.4.bin,0x15d6182f,0x074dd133,0x00000000,0x15d6182f,0x1175fb95
0xc32438c4,12065744.4.bin,0x171f5f58,0x3b90013e,0x0a152000,0xd58bb63d,0x00000000
0xc32438c4,12065744.4.bin,0x1d489ffa,0x96eb9269,0x00000000,0xa45d2f4d,0x00000000
0xc32438c4,12065744.4.bin,0x22555bf7,0x8419282e,0x00380100,0xb0ec1c9c,0x00000000
0xc32438c4,12065744.4.bin,0x27e7cb05,0x9734768d,0x00380100,0x27e7cb05,0x810c5c2b
0xc32438c4,12065744.4.bin,0x2c073ad6,0x14c5ba24,0x00000000,0x67aa2871,0x00000000
0xc32438c4,12065744.4.bin,0x2c073ad6,0xef10fad4,0x00380100,0xd254dcce,0x00000000
0xc32438c4,12065744.4.bin,0x3174ba7e,0x3b2897a8,0x00000000,0x3174ba7e,0x00000000
0xc32438c4,12065744.4.bin,0x31f7564c,0x24a29756,0x00000000,0x31f7564c,0x329abdf0
0xc32438c4,12065744.4.bin,0x33e0f91b,0xf94118fe,0x00000000,0x33e0f91b,0xef793258
0xc32438c4,12065744.4.bin,0x3692ba0d,0x6fe64b4f,0x00000000,0x3692ba0d,0x79de61e9
0xc32438c4,12065744.4.bin,0x38e352cf,0x3aa60819,0x0a0ca300,0x38e352cf,0x2c9e22bf
0xc32438c4,12065744.4.bin,0x3b94f202,0xc1067c46,0x00000000,0x3b94f202,0x00000000
0xc32438c4,12065744.4.bin,0x3c131089,0x3505b14a,0x00000000,0x3c131089,0x233d9bec
0xc32438c4,12065744.4.bin,0x42d7944b,0xce513401,0x0a0ca300,0x42d7944b,0xd8691ea7
0xc32438c4,12065744.4.bin,0x455e00ff,0x485bd8d5,0x00380100,0x455e00ff,0x5e63f273
0xc32438c4,12065744.4.bin,0x46740834,0xe2c4dfc7,0x0a0cce00,0x46740834,0x00000000
0xc32438c4,12065744.4.bin,0x4baafe84,0xcad9f527,0x0a115800,0xe0618dcc,0x00000000
0xc32438c4,12065744.4.bin,0x5407aeda,0x45c9810f,0x00000000,0x5407aeda,0x53f1aba9
0xc32438c4,12065744.4.bin,0x57a5137e,0xfb9d4ed9,0x00380100,0x97532d9b,0x00000000
0xc32438c4,12065744.4.bin,0x581ab137,0x8c91e142,0x00000000,0x581ab137,0x00000000
0xc32438c4,12065744.4.bin,0x585a6188,0xac50df86,0x0a0cba00,0x585a6188,0xba68f520
0xc32438c4,12065744.4.bin,0x5908615f,0x17f1ee63,0x00380100,0x5908615f,0x01c9c4c5
0xc32438c4,12065744.4.bin,0x5bdb0233,0xa4d2c149,0x00000000,0x5bdb0233,0x00000000
0xc32438c4,12065744.4.bin,0x5cc811f7,0x8b87205e,0x00380100,0x5cc811f7,0x9dbf0af8
0xc32438c4,12065744.4.bin,0x5fa6efcf,0xc244c907,0x0a0ca400,0x5fa6efcf,0xd47ce3a1
0xc32438c4,12065744.4.bin,0x61de91f8,0x6c9243f3,0x00000000,0x61de91f8,0x7aaa6955
0xc32438c4,12065744.4.bin,0x6312a83f,0x683c3069,0x00000000,0x6312a83f,0x7e041acf
0xc32438c4,12065744.4.bin,0x652c3db4,0xbf502945,0x00000000,0xdeeca4c1,0xa96803e3
0xc32438c4,12065744.4.bin,0x6643a56f,0xc73fabcc,0x00380100,0x6643a56f,0xd107816a
0xc32438c4,12065744.4.bin,0x693ec7bc,0xa753670b,0x00380100,0x693ec7bc,0xb16b4dad
0xc32438c4,12065744.4.bin,0x6c1c6c71,0x7863d66f,0x0a17ac00,0xf57bbe8e,0x00000000
0xc32438c4,12065744.4.bin,0x72f831f4,0x62be501f,0x00000000,0x1228f75f,0x00000000
0xc32438c4,12065744.4.bin,0x78bd5c4c,0x81d3c415,0x00000000,0x78bd5c4c,0x97ebeeb3
0xc32438c4,12065744.4.bin,0x7d7614aa,0xa3bba583,0x0a0ca400,0x7d7614aa,0xb5838f25
0xc32438c4,12065744.4.bin,0x80477923,0x80d3309a,0x00000000,0x80477923,0x96eb1a3c
0xc32438c4,12065744.4.bin,0x805f7715,0x32b64004,0x0a0d6f00,0x805f7715,0x00000000
0xc32438c4,12065744.4.bin,0x81aa07b7,0xc33d2df8,0x0a152000,0xc92a40bb,0x00000000
0xc32438c4,12065744.4.bin,0x83aa4eb0,0x66dbfc08,0x00000000,0x15c918a4,0x00000000
0xc32438c4,12065744.4.bin,0x83b88a25,0xd6e2d156,0x00380100,0xc6386e7c,0x00000000
0xc32438c4,12065744.4.bin,0x857a37a4,0x5738e448,0x00000000,0x857a37a4,0x4100ceee
0xc32438c4,12065744.4.bin,0x86b63df0,0xe5bce2c4,0x00000000,0x86b63df0,0xf384c862
0xc32438c4,12065744.4.bin,0x8d16ae58,0x9c73bc2e,0x0a0cce00,0x8d16ae58,0x00000000
0xc32438c4,12065744.4.bin,0x9098183f,0x32293880,0x0a152000,0xbc921aa6,0x00000000
0xc32438c4,12065744.4.bin,0x9478e8bf,0xa861c87d,0x0a152000,0x3f1490d4,0x00000000
0xc32438c4,12065744.4.bin,0x94c16510,0xe5fb4b0f,0x00000000,0x94c16510,0x00000000
0xc32438c4,12065744.4.bin,0x9576d460,0x768724ab,0x00000000,0x9576d460,0x60bf0e0d
0xc32438c4,12065744.4.bin,0x978db007,0xecf04a42,0x0a0ca500,0x978db007,0x00000000
0xc32438c4,12065744.4.bin,0x9872c024,0x5a60641e,0x0a0cce00,0x9872c024,0x4c584eb8
0xc32438c4,12065744.4.bin,0x9a105d9a,0xa6ed6931,0x00000000,0x9a105d9a,0x00000000
0xc32438c4,12065744.4.bin,0x9dd8ec97,0xfaf37ed6,0x00380100,0xd6764cdb,0x00000000
0xc32438c4,12065744.4.bin,0x9e7269ed,0x984a8016,0x00380100,0xb57c6e4c,0x8e72aab0
0xc32438c4,12065744.4.bin,0x9f41d347,0xa14813e2,0x00000000,0x9f41d347,0xb7703944
0xc32438c4,12065744.4.bin,0xac31d258,0x2a31149f,0x0a0ca300,0xac31d258,0x3c093e39
0xc32438c4,12065744.4.bin,0xae30f7d0,0x6f694bc4,0x00380100,0xae30f7d0,0x79516162
0xc32438c4,12065744.4.bin,0xaf1e269e,0x8b8df0df,0x00000000,0xaf1e269e,0x9db5da79
0xc32438c4,12065744.4.bin,0xb07869ba,0xcbe2e5f4,0x00380100,0x66361d8a,0x00000000
0xc32438c4,12065744.4.bin,0xb436f977,0x59a8c759,0x00380100,0xb436f977,0x00000000
0xc32438c4,12065744.4.bin,0xb6718863,0xbd9aa11d,0x0a152000,0xda25a0c0,0x00000000
0xc32438c4,12065744.4.bin,0xb87ad46f,0xf4f4477b,0x00000000,0xb87ad46f,0xe2cc6ddd
0xc32438c4,12065744.4.bin,0xb89a5bf0,0xd6e2d156,0x0a152000,0x480b6963,0x00000000
0xc32438c4,12065744.4.bin,0xbc14afd8,0xe54735f7,0x0a0cba00,0xbc14afd8,0xf37f1f51
0xc32438c4,12065744.4.bin,0xbe39e5bf,0xe6ad89a6,0x00000000,0xea832926,0x00000000
0xc32438c4,12065744.4.bin,0xbf8fdbaa,0x462fb076,0x0a152000,0x739fd0e4,0x50179ad0
0xc32438c4,12065744.4.bin,0xbf8fdbaa,0xb240fbbb,0x00000000,0xbfc84f31,0x00000000
0xc32438c4,12065744.4.bin,0xc9535a02,0xa0051abc,0x00000000,0xc9535a02,0xb63d301a
0xc32438c4,12065744.4.bin,0xcac3e3ef,0x2fe574ab,0x00000000,0xcac3e3ef,0x39dd5e0d
0xc32438c4,12065744.4.bin,0xcca3bbcb,0xf75df0ee,0x0a17ae00,0xbfc1cce6,0x00000000
0xc32438c4,12065744.4.bin,0xced8a36d,0x63fed6a3,0x0a0d6e00,0xced8a36d,0x00000000
0xc32438c4,12065744.4.bin,0xdaf809c4,0x4616635f,0x0a152000,0x459866d7,0x00000000
0xc32438c4,12065744.4.bin,0xdde605ce,0x6381bf1b,0x00000000,0xdde605ce,0x00000000
0xc32438c4,12065744.4.bin,0xe08d024d,0x351c022d,0x00380100,0xe08d024d,0x00000000
0xc32438c4,12065744.4.bin,0xe08f352c,0xef10fad4,0x00000000,0x0a79cbb2,0x00000000
0xc32438c4,12065744.4.bin,0xe08f352c,0xfa13829d,0x00000000,0x80a9eb10,0xec2ba83b
0xc32438c4,12065744.4.bin,0xe0bd0c86,0x0adcfdb1,0x00380100,0xe0bd0c86,0x1ce4d717
0xc32438c4,12065744.4.bin,0xe51264e1,0xecb84d74,0x0a152000,0x551603dc,0x00000000
0xc32438c4,12065744.4.bin,0xe5667bf5,0x8a9394bf,0x00000000,0xe5667bf5,0x00000000
0xc32438c4,12065744.4.bin,0xe8203ae2,0x60103630,0x0a0ca500,0xe8203ae2,0x76281c96
0xc32438c4,12065744.4.bin,0xe999b707,0x26677aa8,0x0a112400,0x8851f2cd,0x305f500e
0xc32438c4,12065744.4.bin,0xe999b707,0xef10fad4,0x00000000,0xd468fb0a,0x00000000
0xc32438c4,12065744.4.bin,0xedeaa8ba,0x3b3124cf,0x00000000,0xedeaa8ba,0x2d090e69
0xc32438c4,12065744.4.bin,0xefd744c7,0xe7d209a8,0x0a152000,0xafe8a95a,0x00000000
0xc32438c4,12065744.4.bin,0xf2cbbc30,0x0073dfe8,0x00000000,0xf2cbbc30,0x00000000
0xc32438c4,12065744.4.bin,0xfda2fc8f,0x630f9c99,0x00000000,0xfda2fc8f,0x7537b63f
0xc52a8999,12217924.4.bin,0x00453f22,0x85d59ad4,0x0951b500,0x00453f22,0x93edb072
0xc52a8999,12217924.4.bin,0x00f88b26,0x6c2109d8,0x0a09b200,0xb29ba356,0x00000000
0xc52a8999,12217924.4.bin,0x0608c07b,0x2f8fdaaa,0x0a081000,0x0608c07b,0x39b7f00c
0xc52a8999,12217924.4.bin,0x070ec268,0x1691c8a9,0x0a081000,0x070ec268,0x00000000
0xc52a8999,12217924.4.bin,0x0766109b,0x84385ae4,0x09569000,0x73f4a8e1,0x00000000
0xc52a8999,12217924.4.bin,0x08126717,0x0a3d1e0d,0x00000000,0x08126717,0x1c0534ab
0xc52a8999,12217924.4.bin,0x11985e02,0x6b078f15,0x09569000,0xa774bf57,0x00000000
0xc52a8999,12217924.4.bin,0x127bfc43,0xfb177833,0x09511500,0x127bfc43,0xed2f5295
0xc52a8999,12217924.4.bin,0x15d6182f,0x074dd133,0x00000000,0x15d6182f,0x1175fb95
0xc52a8999,12217924.4.bin,0x171f5f58,0x3b90013e,0x09569000,0xd58bb63d,0x00000000
0xc52a8999,12217924.4.bin,0x1d489ffa,0x96eb9269,0x00380100,0xa45d2f4d,0x00000000
0xc52a8999,12217924.4.bin,0x22555bf7,0x8419282e,0x00380100,0xb0ec1c9c,0x00000000
0xc52a8999,12217924.4.bin,0x2c073ad6,0x14c5ba24,0x00380100,0x67aa2871,0x00000000
0xc52a8999,12217924.4.bin,0x2c073ad6,0xef10fad4,0x00000000,0xd254dcce,0x00000000
0xc52a8999,12217924.4.bin,0x3174ba7e,0x3b2897a8,0x00000000,0x3174ba7e,0x00000000
0xc52a8999,12217924.4.bin,0x31f7564c,0x24a29756,0x00000000,0x31f7564c,0x329abdf0
0xc52a8999,12217924.4.bin,0x3395d51d,0x5a06665a,0x0a081000,0x3395d51d,0x4c3e4cfc
0xc52a8999,12217924.4.bin,0x347d79ee,0x0091593c,0x00000000,0x347d79ee,0x16a9739a
0xc52a8999,12217924.4.bin,0x38e352cf,0x3aa60819,0x0951b700,0x38e352cf,0x2c9e22bf
0xc52a8999,12217924.4.bin,0x3b94f202,0xc1067c46,0x00000000,0x3b94f202,0x00000000
0xc52a8999,12217924.4.bin,0x3c131089,0x3505b14a,0x00000000,0x3c131089,0x233d9bec
0xc52a8999,12217924.4.bin,0x3e6cafe4,0x3cb8e6d5,0x00380100,0xb363b3f6,0x00000000
0xc52a8999,12217924.4.bin,0x42d7944b,0xce513401,0x0951b600,0x42d7944b,0xd8691ea7
0xc52a8999,12217924.4.bin,0x455e00ff,0x485bd8d5,0x00000000,0x455e00ff,0x5e63f273
0xc52a8999,12217924.4.bin,0x46740834,0xe2c4dfc7,0x0951c300,0x46740834,0x00000000
0xc52a8999,12217924.4.bin,0x4baafe84,0xcad9f527,0x00000000,0xe0618dcc,0x00000000
0xc52a8999,12217924.4.bin,0x581ab137,0x8c91e142,0x00000000,0x581ab137,0x00000000
0xc52a8999,12217924.4.bin,0x585a6188,0xac50df86,0x00000000,0x585a6188,0xba68f520
0xc52a8999,12217924.4.bin,0x5908615f,0x17f1ee63,0x00000000,0x5908615f,0x01c9c4c5
0xc52a8999,12217924.4.bin,0x5bdb0233,0xa4d2c149,0x00000000,0x5bdb0233,0x00000000
0xc52a8999,12217924.4.bin,0x5cc811f7,0x8b87205e,0x00000000,0x5cc811f7,0x9dbf0af8
0xc52a8999,12217924.4.bin,0x5fa6efcf,0xc244c907,0x0951b800,0x5fa6efcf,0xd47ce3a1
0xc52a8999,12217924.4.bin,0x61de91f8,0x6c9243f3,0x00000000,0x61de91f8,0x7aaa6955
0xc52a8999,12217924.4.bin,0x6312a83f,0x683c3069,0x00000000,0x6312a83f,0x7e041acf
0xc52a8999,12217924.4.bin,0x652c3db4,0xbf502945,0x00000000,0xdeeca4c1,0xa96803e3
0xc52a8999,12217924.4.bin,0x6c1c6c71,0x7863d66f,0x09591c00,0xf57bbe8e,0x00000000
0xc52a8999,12217924.4.bin,0x72f831f4,0x62be501f,0x00380100,0x1228f75f,0x00000000
0xc52a8999,12217924.4.bin,0x73ad141b,0xa81af21d,0x00000000,0x73ad141b,0x00000000
0xc52a8999,12217924.4.bin,0x78bd5c4c,0x81d3c415,0x00000000,0x78bd5c4c,0x97ebeeb3
0xc52a8999,12217924.4.bin,0x7d7614aa,0xa3bba583,0x0951b800,0x7d7614aa,0xb5838f25
0xc52a8999,12217924.4.bin,0x805f7715,0x32b64004,0x0951c200,0x805f7715,0x00000000
0xc52a8999,12217924.4.bin,0x81aa07b7,0xc33d2df8,0x09569000,0xc92a40bb,0x00000000
0xc52a8999,12217924.4.bin,0x83aa4eb0,0x66dbfc08,0x00000000,0x15c918a4,0x00000000
0xc52a8999,12217924.4.bin,0x83b88a25,0xd6e2d156,0x00380100,0xc6386e7c,0x00000000
0xc52a8999,12217924.4.bin,0x86b63df0,0xe5bce2c4,0x0a081000,0x86b63df0,0xf384c862
0xc52a8999,12217924.4.bin,0x87c9f821,0x23062071,0x00000000,0x87c9f821,0x00000000
0xc52a8999,12217924.4.bin,0x8d16ae58,0x9c73bc2e,0x0951b400,0x8d16ae58,0x00000000
0xc52a8999,12217924.4.bin,0x9098183f,0x32293880,0x09569000,0xbc921aa6,0x00000000
0xc52a8999,12217924.4.bin,0x9478e8bf,0xa861c87d,0x09569000,0x3f1490d4,0x00000000
0xc52a8999,12217924.4.bin,0x94c16510,0xe5fb4b0f,0x00000000,0x94c16510,0x00000000
0xc52a8999,12217924.4.bin,0x9576d460,0x768724ab,0x0951b800,0x9576d460,0x60bf0e0d
0xc52a8999,12217924.4.bin,0x962707e8,0x92fdaeb0,0x00380100,0x962707e8,0x84c58416
0xc52a8999,12217924.4.bin,0x965ff7d1,0xc94f37a6,0x0a081000,0x965ff7d1,0xdf771d00
0xc52a8999,12217924.4.bin,0x978db007,0xecf04a42,0x00000000,0x978db007,0x00000000
0xc52a8999,12217924.4.bin,0x9872c024,0x5a60641e,0x0951e600,0x9872c024,0x4c584eb8
0xc52a8999,12217924.4.bin,0x9a105d9a,0xa6ed6931,0x00000000,0x9a105d9a,0x00000000
0xc52a8999,12217924.4.bin,0x9d398471,0xeb4f8f54,0x00000000,0x9d398471,0xfd77a5f2
0xc52a8999,12217924.4.bin,0x9dd8ec97,0xfaf37ed6,0x00380100,0xd6764cdb,0x00000000
0xc52a8999,12217924.4.bin,0x9e7269ed,0x984a8016,0x00380100,0xb57c6e4c,0x8e72aab0
0xc52a8999,12217924.4.bin,0x9f41d347,0xa14813e2,0x00000000,0x9f41d347,0xb7703944
0xc52a8999,12217924.4.bin,0xac31d258,0x2a31149f,0x0951b600,0xac31d258,0x3c093e39
0xc52a8999,12217924.4.bin,0xae30f7d0,0x6f694bc4,0x00380400,0xae30f7d0,0x79516162
0xc52a8999,12217924.4.bin,0xaf1e269e,0x8b8df0df,0x00000000,0xaf1e269e,0x9db5da79
0xc52a8999,12217924.4.bin,0xb07869ba,0xcbe2e5f4,0x00380100,0x66361d8a,0x00000000
0xc52a8999,12217924.4.bin,0xb6718863,0xbd9aa11d,0x09569000,0xda25a0c0,0x00000000
0xc52a8999,12217924.4.bin,0xb87ad46f,0xf4f4477b,0x00380100,0xb87ad46f,0xe2cc6ddd
0xc52a8999,12217924.4.bin,0xb89a5bf0,0xd6e2d156,0x09569000,0x480b6963,0x00000000
0xc52a8999,12217924.4.bin,0xbc14afd8,0xe54735f7,0x09514a00,0xbc14afd8,0xf37f1f51
0xc52a8999,12217924.4.bin,0xbe39e5bf,0xe6ad89a6,0x00000000,0xea832926,0x00000000
0xc52a8999,12217924.4.bin,0xbf8fdbaa,0x462fb076,0x09569000,0x739fd0e4,0x50179ad0
0xc52a8999,12217924.4.bin,0xbf8fdbaa,0xb240fbbb,0x00000000,0xbfc84f31,0x00000000
0xc52a8999,12217924.4.bin,0xc9d6514b,0xa405db5e,0x00380100,0xc9d6514b,0x00000000
0xc52a8999,12217924.4.bin,0xcca3bbcb,0xf75df0ee,0x09591e00,0xbfc1cce6,0x00000000
0xc52a8999,12217924.4.bin,0xced8a36d,0x63fed6a3,0x0951c300,0xced8a36d,0x00000000
0xc52a8999,12217924.4.bin,0xdaf809c4,0x4616635f,0x09569000,0x459866d7,0x00000000
0xc52a8999,12217924.4.bin,0xdde605ce,0x6381bf1b,0x00000000,0xdde605ce,0x00000000
0xc52a8999,12217924.4.bin,0xe08d024d,0x351c022d,0x0a081000,0xe08d024d,0x00000000
0xc52a8999,12217924.4.bin,0xe08f352c,0xef10fad4,0x00380100,0x0a79cbb2,0x00000000
0xc52a8999,12217924.4.bin,0xe08f352c,0xfa13829d,0x00000000,0x80a9eb10,0xec2ba83b
0xc52a8999,12217924.4.bin,0xe51264e1,0xecb84d74,0x09569000,0x551603dc,0x00000000
0xc52a8999,12217924.4.bin,0xe5667bf5,0x8a9394bf,0x00000000,0xe5667bf5,0x00000000
0xc52a8999,12217924.4.bin,0xe8203ae2,0x60103630,0x0951b700,0xe8203ae2,0x76281c96
0xc52a8999,12217924.4.bin,0xe999b707,0x26677aa8,0x0a096c00,0x8851f2cd,0x305f500e
0xc52a8999,12217924.4.bin,0xe999b707,0xef10fad4,0x00000000,0xd468fb0a,0x00000000
0xc52a8999,12217924.4.bin,0xefa3cf1d,0x475fc772,0x0a081000,0xefa3cf1d,0x5167edd4
0xc52a8999,12217924.4.bin,0xefd744c7,0xe7d209a8,0x09569000,0xafe8a95a,0x00000000
0xc52a8999,12217924.4.bin,0xf2cbbc30,0x0073dfe8,0x00000000,0xf2cbbc30,0x00000000
0xc52a8999,12217924.4.bin,0xf7f64765,0xeac2ee65,0x00380100,0xf7f64765,0xfcfac4c3
0xc52a8999,12217924.4.bin,0xfda2fc8f,0x630f9c99,0x00000000,0xfda2fc8f,0x7537b63f
0xc93fb09d,12330764.4.bin,0x00453f22,0x85d59ad4,0x00380100,0x00453f22,0x93edb072
0xc93fb09d,12330764.4.bin,0x0608c07b,0x2f8fdaaa,0x00000000,0x0608c07b,0x39b7f00c
0xc93fb09d,12330764.4.bin,0x0766109b,0x84385ae4,0x06c9f900,0x73f4a8e1,0x00000000
0xc93fb09d,12330764.4.bin,0x08126717,0x0a3d1e0d,0x00000000,0x08126717,0x1c0534ab
0xc93fb09d,12330764.4.bin,0x0a86d48c,0x8e5ad5b9,0x00380100,0x0a86d48c,0x9862ff1f
0xc93fb09d,12330764.4.bin,0x11985e02,0x6b078f15,0x06c9f900,0xa774bf57,0x00000000
0xc93fb09d,12330764.4.bin,0x127bfc43,0xfb177833,0x00380100,0x127bfc43,0xed2f5295
0xc93fb09d,12330764.4.bin,0x15d6182f,0x074dd133,0x00000000,0x15d6182f,0x1175fb95
0xc93fb09d,12330764.4.bin,0x171f5f58,0x3b90013e,0x06c9f900,0xd58bb63d,0x00000000
0xc93fb09d,12330764.4.bin,0x1d489ffa,0x96eb9269,0x06c9f900,0xa45d2f4d,0x00000000
0xc93fb09d,12330764.4.bin,0x22555bf7,0x8419282e,0x00380100,0xb0ec1c9c,0x00000000
0xc93fb09d,12330764.4.bin,0x27e7cb05,0x9734768d,0x00380100,0x27e7cb05,0x810c5c2b
0xc93fb09d,12330764.4.bin,0x2c073ad6,0x14c5ba24,0x00000000,0x67aa2871,0x00000000
0xc93fb09d,12330764.4.bin,0x2c073ad6,0xef10fad4,0x00380100,0xd254dcce,0x00000000
0xc93fb09d,12330764.4.bin,0x3174ba7e,0x3b2897a8,0x00000000,0x3174ba7e,0x00000000
0xc93fb09d,12330764.4.bin,0x31f7564c,0x24a29756,0x00000000,0x31f7564c,0x329abdf0
0xc93fb09d,12330764.4.bin,0x33e0f91b,0xf94118fe,0x00000000,0x33e0f91b,0xef793258
0xc93fb09d,12330764.4.bin,0x3692ba0d,0x6fe64b4f,0x00000000,0x3692ba0d,0x79de61e9
0xc93fb09d,12330764.4.bin,0x38e352cf,0x3aa60819,0x00380100,0x38e352cf,0x2c9e22bf
0xc93fb09d,12330764.4.bin,0x3b94f202,0xc1067c46,0x00000000,0x3b94f202,0x00000000
0xc93fb09d,12330764.4.bin,0x3c131089,0x3505b14a,0x00000000,0x3c131089,0x233d9bec
0xc93fb09d,12330764.4.bin,0x42d7944b,0xce513401,0x00000000,0x42d7944b,0xd8691ea7
0xc93fb09d,12330764.4.bin,0x455e00ff,0x485bd8d5,0x00380100,0x455e00ff,0x5e63f273
0xc93fb09d,12330764.4.bin,0x46740834,0xe2c4dfc7,0x00380100,0x46740834,0x00000000
0xc93fb09d,12330764.4.bin,0x5407aeda,0x45c9810f,0x00000000,0x5407aeda,0x53f1aba9
0xc93fb09d,12330764.4.bin,0x581ab137,0x8c91e142,0x00000000,0x581ab137,0x00000000
0xc93fb09d,12330764.4.bin,0x585a6188,0xac50df86,0x00380100,0x585a6188,0xba68f520
0xc93fb09d,12330764.4.bin,0x5908615f,0x17f1ee63,0x00380100,0x5908615f,0x01c9c4c5
0xc93fb09d,12330764.4.bin,0x5bdb0233,0xa4d2c149,0x00000000,0x5bdb0233,0x00000000
0xc93fb09d,12330764.4.bin,0x5cc811f7,0x8b87205e,0x00380100,0x5cc811f7,0x9dbf0af8
0xc93fb09d,12330764.4.bin,0x5fa6efcf,0xc244c907,0x00380100,0x5fa6efcf,0xd47ce3a1
0xc93fb09d,12330764.4.bin,0x61de91f8,0x6c9243f3,0x00000000,0x61de91f8,0x7aaa6955
0xc93fb09d,12330764.4.bin,0x6312a83f,0x683c3069,0x00000000,0x6312a83f,0x7e041acf
0xc93fb09d,12330764.4.bin,0x652c3db4,0xbf502945,0x00000000,0xdeeca4c1,0xa96803e3
0xc93fb09d,12330764.4.bin,0x6643a56f,0xc73fabcc,0x00380100,0x6643a56f,0xd107816a
0xc93fb09d,12330764.4.bin,0x693ec7bc,0xa753670b,0x00380100,0x693ec7bc,0xb16b4dad
0xc93fb09d,12330764.4.bin,0x6c1c6c71,0x7863d66f,0x071ca700,0xf57bbe8e,0x00000000
0xc93fb09d,12330764.4.bin,0x72f831f4,0x62be501f,0x00380100,0x1228f75f,0x00000000
0xc93fb09d,12330764.4.bin,0x78bd5c4c,0x81d3c415,0x00000000,0x78bd5c4c,0x97ebeeb3
0xc93fb09d,12330764.4.bin,0x7d7614aa,0xa3bba583,0x00380100,0x7d7614aa,0xb5838f25
0xc93fb09d,12330764.4.bin,0x80477923,0x80d3309a,0x00000000,0x80477923,0x96eb1a3c
0xc93fb09d,12330764.4.bin,0x805f7715,0x32b64004,0x00380100,0x805f7715,0x00000000
0xc93fb09d,12330764.4.bin,0x81aa07b7,0xc33d2df8,0x00380100,0xc92a40bb,0x00000000
0xc93fb09d,12330764.4.bin,0x83aa4eb0,0x66dbfc08,0x06c9f900,0x15c918a4,0x00000000
0xc93fb09d,12330764.4.bin,0x83b88a25,0xd6e2d156,0x00380100,0xc6386e7c,0x00000000
0xc93fb09d,12330764.4.bin,0x857a37a4,0x5738e448,0x00000000,0x857a37a4,0x4100ceee
0xc93fb09d,12330764.4.bin,0x86b63df0,0xe5bce2c4,0x00000000,0x86b63df0,0xf384c862
0xc93fb09d,12330764.4.bin,0x8d16ae58,0x9c73bc2e,0x00380100,0x8d16ae58,0x00000000
0xc93fb09d,12330764.4.bin,0x8db49190,0x139b10e5,0x00000000,0x84453df5,0x00000000
0xc93fb09d,12330764.4.bin,0x8db49190,0xef10fad4,0x00380100,0xf5ab586e,0x00000000
0xc93fb09d,12330764.4.bin,0x9098183f,0x32293880,0x06c9f900,0xbc921aa6,0x00000000
0xc93fb09d,12330764.4.bin,0x9478e8bf,0xa861c87d,0x00380100,0x3f1490d4,0x00000000
0xc93fb09d,12330764.4.bin,0x94c16510,0xe5fb4b0f,0x00000000,0x94c16510,0x00000000
0xc93fb09d,12330764.4.bin,0x9576d460,0x768724ab,0x00380100,0x9576d460,0x60bf0e0d
0xc93fb09d,12330764.4.bin,0x978db007,0xecf04a42,0x00380100,0x978db007,0x00000000
0xc93fb09d,12330764.4.bin,0x9872c024,0x5a60641e,0x00000000,0x9872c024,0x4c584eb8
0xc93fb09d,12330764.4.bin,0x9a105d9a,0xa6ed6931,0x00000000,0x9a105d9a,0x00000000
0xc93fb09d,12330764.4.bin,0x9dd8ec97,0xfaf37ed6,0x00000000,0xd6764cdb,0x00000000
0xc93fb09d,12330764.4.bin,0x9e7269ed,0x984a8016,0x00380100,0xb57c6e4c,0x8e72aab0
0xc93fb09d,12330764.4.bin,0x9f41d347,0xa14813e2,0x00000000,0x9f41d347,0xb7703944
0xc93fb09d,12330764.4.bin,0xac31d258,0x2a31149f,0x00942900,0xac31d258,0x3c093e39
0xc93fb09d,12330764.4.bin,0xae30f7d0,0x6f694bc4,0x00380100,0xae30f7d0,0x79516162
0xc93fb09d,12330764.4.bin,0xaf1e269e,0x8b8df0df,0x00000000,0xaf1e269e,0x9db5da79
0xc93fb09d,12330764.4.bin,0xb436f977,0x59a8c759,0x00380100,0xb436f977,0x00000000
0xc93fb09d,12330764.4.bin,0xb6718863,0xbd9aa11d,0x00380100,0xda25a0c0,0x00000000
0xc93fb09d,12330764.4.bin,0xb87ad46f,0xf4f4477b,0x00000000,0xb87ad46f,0xe2cc6ddd
0xc93fb09d,12330764.4.bin,0xb89a5bf0,0xd6e2d156,0x00380100,0x480b6963,0x00000000
0xc93fb09d,12330764.4.bin,0xbc14afd8,0xe54735f7,0x00380100,0xbc14afd8,0xf37f1f51
0xc93fb09d,12330764.4.bin,0xbf8fdbaa,0x462fb076,0x00380100,0x739fd0e4,0x50179ad0
0xc93fb09d,12330764.4.bin,0xbf8fdbaa,0xb240fbbb,0x00000000,0xbfc84f31,0x00000000
0xc93fb09d,12330764.4.bin,0xc9535a02,0xa0051abc,0x00000000,0xc9535a02,0xb63d301a
0xc93fb09d,12330764.4.bin,0xcac3e3ef,0x2fe574ab,0x00000000,0xcac3e3ef,0x39dd5e0d
0xc93fb09d,12330764.4.bin,0xcca3bbcb,0xf75df0ee,0x00000000,0xbfc1cce6,0x00000000
0xc93fb09d,12330764.4.bin,0xced8a36d,0x63fed6a3,0x00000000,0xced8a36d,0x00000000
0xc93fb09d,12330764.4.bin,0xdaf809c4,0x4616635f,0x06c9f900,0x459866d7,0x00000000
0xc93fb09d,12330764.4.bin,0xdde605ce,0x6381bf1b,0x00000000,0xdde605ce,0x00000000
0xc93fb09d,12330764.4.bin,0xe08d024d,0x351c022d,0x00380100,0xe08d024d,0x00000000
0xc93fb09d,12330764.4.bin,0xe08f352c,0xef10fad4,0x00380100,0x0a79cbb2,0x00000000
0xc93fb09d,12330764.4.bin,0xe08f352c,0xfa13829d,0x00000000,0x80a9eb10,0xec2ba83b
0xc93fb09d,12330764.4.bin,0xe0bd0c86,0x0adcfdb1,0x00380100,0xe0bd0c86,0x1ce4d717
0xc93fb09d,12330764.4.bin,0xe51264e1,0xecb84d74,0x06c9f900,0x551603dc,0x00000000
0xc93fb09d,12330764.4.bin,0xe5667bf5,0x8a9394bf,0x00000000,0xe5667bf5,0x00000000
0xc93fb09d,12330764.4.bin,0xe8203ae2,0x60103630,0x00000000,0xe8203ae2,0x76281c96
0xc93fb09d,12330764.4.bin,0xe999b707,0x26677aa8,0x00000000,0x8851f2cd,0x305f500e
0xc93fb09d,12330764.4.bin,0xe999b707,0xef10fad4,0x00000000,0xd468fb0a,0x00000000
0xc93fb09d,12330764.4.bin,0xedeaa8ba,0x3b3124cf,0x00000000,0xedeaa8ba,0x2d090e69
0xc93fb09d,12330764.4.bin,0xefd744c7,0xe7d209a8,0x00380100,0xafe8a95a,0x00000000
0xc93fb09d,12330764.4.bin,0xf2cbbc30,0x0073dfe8,0x00000000,0xf2cbbc30,0x00000000
0xc93fb09d,12330764.4.bin,0xfda2fc8f,0x630f9c99,0x00000000,0xfda2fc8f,0x7537b63f
0xcf3101c0,12636432.4.bin,0x00453f22,0x85d59ad4,0x00380100,0x00453f22,0x93edb072
0xcf3101c0,12636432.4.bin,0x00f88b26,0x6c2109d8,0x00380500,0xb29ba356,0x00000000
0xcf3101c0,12636432.4.bin,0x0766109b,0x84385ae4,0x0a23e000,0x73f4a8e1,0x00000000
0xcf3101c0,12636432.4.bin,0x0c4e052d,0x2e6112bf,0x00000000,0x0c4e052d,0x00000000
0xcf3101c0,12636432.4.bin,0x1163d3eb,0xc22cd6ad,0x0a227700,0x1163d3eb,0xd414fc0b
0xcf3101c0,12636432.4.bin,0x11985e02,0x6b078f15,0x0a23e000,0xa774bf57,0x00000000
0xcf3101c0,12636432.4.bin,0x127bfc43,0xfb177833,0x0a1eea00,0x127bfc43,0xed2f5295
0xcf3101c0,12636432.4.bin,0x1502f55f,0x9970f52d,0x00000000,0x1502f55f,0x8f48df8b
0xcf3101c0,12636432.4.bin,0x15d6182f,0x074dd133,0x0a1eec00,0x15d6182f,0x1175fb95
0xcf3101c0,12636432.4.bin,0x171f5f58,0x3b90013e,0x0a23e000,0xd58bb63d,0x00000000
0xcf3101c0,12636432.4.bin,0x1858a37e,0x8ef48cbd,0x00380100,0x1858a37e,0x98cca61b
0xcf3101c0,12636432.4.bin,0x1d489ffa,0x96eb9269,0x00380100,0xa45d2f4d,0x00000000
0xcf3101c0,12636432.4.bin,0x22555bf7,0x8419282e,0x00000000,0xb0ec1c9c,0x00000000
0xcf3101c0,12636432.4.bin,0x28498919,0x37a0fef1,0x00380300,0x28498919,0x2198d457
0xcf3101c0,12636432.4.bin,0x2a12d64b,0x7132f437,0x00380100,0x2a12d64b,0x670ade91
0xcf3101c0,12636432.4.bin,0x2c073ad6,0x14c5ba24,0x00000000,0x67aa2871,0x00000000
0xcf3101c0,12636432.4.bin,0x2c073ad6,0xef10fad4,0x00380100,0xd254dcce,0x00000000
0xcf3101c0,12636432.4.bin,0x31f7564c,0x24a29756,0x00000000,0x31f7564c,0x329abdf0
0xcf3101c0,12636432.4.bin,0x33e0f91b,0xf94118fe,0x00380100,0x33e0f91b,0xef793258
0xcf3101c0,12636432.4.bin,0x3711d0e3,0xefcc66b5,0x00000000,0x3711d0e3,0xf9f44c13
0xcf3101c0,12636432.4.bin,0x38e352cf,0x3aa60819,0x0a1eed00,0x38e352cf,0x2c9e22bf
0xcf3101c0,12636432.4.bin,0x3b94f202,0xc1067c46,0x0a1eeb00,0x3b94f202,0x00000000
0xcf3101c0,12636432.4.bin,0x3c131089,0x3505b14a,0x0a229a00,0x3c131089,0x233d9bec
0xcf3101c0,12636432.4.bin,0x3f6525dd,0xcd4901fd,0x00000000,0x3f6525dd,0xdb712b5b
0xcf3101c0,12636432.4.bin,0x42d7944b,0xce513401,0x0a1eeb00,0x42d7944b,0xd8691ea7
0xcf3101c0,12636432.4.bin,0x4baafe84,0xcad9f527,0x01d77d00,0xe0618dcc,0x00000000
0xcf3101c0,12636432.4.bin,0x4d960098,0x2e15e413,0x00380100,0xa3a4321a,0x00000000
0xcf3101c0,12636432.4.bin,0x572ad17b,0x2f096eca,0x00380100,0x572ad17b,0x00000000
0xcf3101c0,12636432.4.bin,0x581ab137,0x8c91e142,0x00380300,0x581ab137,0x00000000
0xcf3101c0,12636432.4.bin,0x5a438ff8,0x6e9e9471,0x00000000,0x5a438ff8,0x78a6bed7
0xcf3101c0,12636432.4.bin,0x5a97743a,0x98622745,0x01d79b00,0x52f33648,0x00000000
0xcf3101c0,12636432.4.bin,0x5bdb0233,0xa4d2c149,0x00000000,0x5bdb0233,0x00000000
0xcf3101c0,12636432.4.bin,0x5cc811f7,0x8b87205e,0x0a227800,0x5cc811f7,0x9dbf0af8
0xcf3101c0,12636432.4.bin,0x5deb5b7b,0x9581b950,0x00380100,0x43652c89,0x00000000
0xcf3101c0,12636432.4.bin,0x5e91b6be,0xd08e3934,0x00380100,0x5e91b6be,0xc6b61392
0xcf3101c0,12636432.4.bin,0x61de91f8,0x6c9243f3,0x00000000,0x61de91f8,0x7aaa6955
0xcf3101c0,12636432.4.bin,0x652c3db4,0xbf502945,0x00000000,0xdeeca4c1,0xa96803e3
0xcf3101c0,12636432.4.bin,0x6545be5a,0x889e73d9,0x00000000,0x6545be5a,0x9ea6597f
0xcf3101c0,12636432.4.bin,0x693ec7bc,0xa753670b,0x0a227700,0x693ec7bc,0xb16b4dad
0xcf3101c0,12636432.4.bin,0x6c1c6c71,0x7863d66f,0x0a266200,0xf57bbe8e,0x00000000
0xcf3101c0,12636432.4.bin,0x6d829a37,0x16ed99cd,0x0a1eec00,0x6d829a37,0x00000000
0xcf3101c0,12636432.4.bin,0x72017dae,0x6ec7a7f2,0x00380100,0x5986ee1e,0x00000000
0xcf3101c0,12636432.4.bin,0x72f831f4,0x62be501f,0x00000000,0x1228f75f,0x00000000
0xcf3101c0,12636432.4.bin,0x79902933,0x50a635b7,0x00380100,0x79902933,0x469e1f11
0xcf3101c0,12636432.4.bin,0x805f7715,0x32b64004,0x00000000,0x805f7715,0x00000000
0xcf3101c0,12636432.4.bin,0x81aa07b7,0xc33d2df8,0x0a23e000,0xc92a40bb,0x00000000
0xcf3101c0,12636432.4.bin,0x83aa4eb0,0x66dbfc08,0x00000000,0x15c918a4,0x00000000
0xcf3101c0,12636432.4.bin,0x83b88a25,0xd6e2d156,0x01d76900,0xc6386e7c,0x00000000
0xcf3101c0,12636432.4.bin,0x857a37a4,0x5738e448,0x00380100,0x857a37a4,0x4100ceee
0xcf3101c0,12636432.4.bin,0x86b63df0,0xe5bce2c4,0x0a1eed00,0x86b63df0,0xf384c862
0xcf3101c0,12636432.4.bin,0x8d59156c,0x6c7dcc23,0x00000000,0x8d59156c,0x00000000
0xcf3101c0,12636432.4.bin,0x8db49190,0x139b10e5,0x00000000,0x84453df5,0x00000000
0xcf3101c0,12636432.4.bin,0x8db49190,0xef10fad4,0x00380100,0xf5ab586e,0x00000000
0xcf3101c0,12636432.4.bin,0x9098183f,0x32293880,0x0a23e000,0xbc921aa6,0x00000000
0xcf3101c0,12636432.4.bin,0x91840bf1,0xfae13fb6,0x00000000,0x91840bf1,0xecd91510
0xcf3101c0,12636432.4.bin,0x927b251f,0xd1cae624,0x00380100,0xdda0987e,0x00000000
0xcf3101c0,12636432.4.bin,0x9478e8bf,0xa861c87d,0x0a1ff000,0x3f1490d4,0x00000000
0xcf3101c0,12636432.4.bin,0x952b5cc0,0xecb27a7c,0x0a1eed00,0x952b5cc0,0x00000000
0xcf3101c0,12636432.4.bin,0x96b54794,0xf46e9681,0x00000000,0x96b54794,0xe256bc27
0xcf3101c0,12636432.4.bin,0x9dd8ec97,0xfaf37ed6,0x00380100,0xd6764cdb,0x00000000
0xcf3101c0,12636432.4.bin,0x9e7269ed,0x984a8016,0x00380300,0xb57c6e4c,0x8e72aab0
0xcf3101c0,12636432.4.bin,0x9f41d347,0xa14813e2,0x00000000,0x9f41d347,0xb7703944
0xcf3101c0,12636432.4.bin,0xac31d258,0x2a31149f,0x0a1e6b00,0xac31d258,0x3c093e39
0xcf3101c0,12636432.4.bin,0xaf1e269e,0x8b8df0df,0x00000000,0xaf1e269e,0x9db5da79
0xcf3101c0,12636432.4.bin,0xb3b3b105,0x9976d27d,0x00380300,0xd582b4bc,0x00000000
0xcf3101c0,12636432.4.bin,0xb6718863,0xbd9aa11d,0x0a1ff000,0xda25a0c0,0x00000000
0xcf3101c0,12636432.4.bin,0xb87ad46f,0xf4f4477b,0x0a1e6c00,0xb87ad46f,0xe2cc6ddd
0xcf3101c0,12636432.4.bin,0xb89a5bf0,0xd6e2d156,0x00380500,0x480b6963,0x00000000
0xcf3101c0,12636432.4.bin,0xbb84b406,0xbf42caac,0x00380100,0xe14567cb,0x00000000
0xcf3101c0,12636432.4.bin,0xbc14afd8,0xe54735f7,0x0a1eec00,0xbc14afd8,0xf37f1f51
0xcf3101c0,12636432.4.bin,0xbe39e5bf,0xe6ad89a6,0x00380300,0xea832926,0x00000000
0xcf3101c0,12636432.4.bin,0xbf8fdbaa,0x462fb076,0x00380400,0x739fd0e4,0x50179ad0
0xcf3101c0,12636432.4.bin,0xbf8fdbaa,0xb240fbbb,0x00000000,0xbfc84f31,0x00000000
0xcf3101c0,12636432.4.bin,0xc171775f,0x15c7f38d,0x00000000,0xc171775f,0x03ffd92b
0xcf3101c0,12636432.4.bin,0xc77d4554,0x0fe2cafe,0x00380100,0x0575d413,0x00000000
0xcf3101c0,12636432.4.bin,0xcca3bbcb,0xf75df0ee,0x0a266400,0xbfc1cce6,0x00000000
0xcf3101c0,12636432.4.bin,0xced8a36d,0x63fed6a3,0x00000000,0xced8a36d,0x00000000
0xcf3101c0,12636432.4.bin,0xcfca7e93,0x6ecbf5d1,0x00380100,0x3d3378be,0x00000000
0xcf3101c0,12636432.4.bin,0xdaf809c4,0x4616635f,0x0a23e000,0x459866d7,0x00000000
0xcf3101c0,12636432.4.bin,0xdde605ce,0x6381bf1b,0x0a1e6c00,0xdde605ce,0x00000000
0xcf3101c0,12636432.4.bin,0xe08f352c,0xef10fad4,0x00000000,0x0a79cbb2,0x00000000
0xcf3101c0,12636432.4.bin,0xe08f352c,0xfa13829d,0x01d76a00,0x80a9eb10,0xec2ba83b
0xcf3101c0,12636432.4.bin,0xe0bd0c86,0x0adcfdb1,0x00000000,0xe0bd0c86,0x1ce4d717
0xcf3101c0,12636432.4.bin,0xe2a76b6d,0xe140620e,0x00380100,0xf35831fb,0x00000000
0xcf3101c0,12636432.4.bin,0xe51264e1,0xecb84d74,0x0a23e000,0x551603dc,0x00000000
0xcf3101c0,12636432.4.bin,0xe999b707,0x26677aa8,0x00380200,0x8851f2cd,0x305f500e
0xcf3101c0,12636432.4.bin,0xe999b707,0xef10fad4,0x00000000,0xd468fb0a,0x00000000
0xcf3101c0,12636432.4.bin,0xedeaa8ba,0x3b3124cf,0x00000000,0xedeaa8ba,0x2d090e69
0xcf3101c0,12636432.4.bin,0xefd744c7,0xe7d209a8,0x0a1ff000,0xafe8a95a,0x00000000
0xcf3101c0,12636432.4.bin,0xf3ab8a11,0xd8e64dbb,0x00380100,0xf3ab8a11,0xcede671d
0xcf3101c0,12636432.4.bin,0xf7698fa2,0xed360b71,0x00380100,0x8fc44327,0x00000000
0xcf3101c0,12636432.4.bin,0xfbeb6e78,0x7f0661b2,0x00380100,0xfbeb6e78,0x693e4b14
0xdb061172,13146616.4.bin,0x00453f22,0x85d59ad4,0x092d8300,0x00453f22,0x93edb072
0xdb061172,13146616.4.bin,0x00e5371e,0x39e0fc12,0x00ff0a00,0x00e5371e,0x2fd8d6b4
0xdb061172,13146616.4.bin,0x0284e1b9,0x10395f06,0x092d8400,0x0284e1b9,0x060175a0
0xdb061172,13146616.4.bin,0x0608c07b,0x2f8fdaaa,0x00000000,0x0608c07b,0x39b7f00c
0xdb061172,13146616.4.bin,0x0766109b,0x84385ae4,0x00d30000,0x73f4a8e1,0x00000000
0xdb061172,13146616.4.bin,0x1163d3eb,0xc22cd6ad,0x00000000,0x1163d3eb,0xd414fc0b
0xdb061172,13146616.4.bin,0x11985e02,0x6b078f15,0x00d30000,0xa774bf57,0x00000000
0xdb061172,13146616.4.bin,0x127bfc43,0xfb177833,0x092d2100,0x127bfc43,0xed2f5295
0xdb061172,13146616.4.bin,0x134e34e0,0xb2b123de,0x07221600,0x134e34e0,0xa4890978
0xdb061172,13146616.4.bin,0x141eac79,0xa77538e6,0x076b9800,0x9ec0bcbe,0x00000000
0xdb061172,13146616.4.bin,0x15d6182f,0x074dd133,0x092d8400,0x15d6182f,0x1175fb95
0xdb061172,13146616.4.bin,0x171f5f58,0x3b90013e,0x00d30000,0xd58bb63d,0x00000000
0xdb061172,13146616.4.bin,0x1a760c69,0x4e13e34d,0x00000000,0x1a760c69,0x582bc9eb
0xdb061172,13146616.4.bin,0x1b18f852,0x9c33d949,0x00000000,0x1b18f852,0x8a0bf3ef
0xdb061172,13146616.4.bin,0x1d489ffa,0x96eb9269,0x00d30000,0xa45d2f4d,0x00000000
0xdb061172,13146616.4.bin,0x22555bf7,0x8419282e,0x076b9800,0xb0ec1c9c,0x00000000
0xdb061172,13146616.4.bin,0x27a079c3,0xb1942651,0x00000000,0x27a079c3,0xa7ac0cf7
0xdb061172,13146616.4.bin,0x2c073ad6,0x14c5ba24,0x076b9800,0x67aa2871,0x00000000
0xdb061172,13146616.4.bin,0x2c073ad6,0xef10fad4,0x076b9800,0xd254dcce,0x00000000
0xdb061172,13146616.4.bin,0x3174ba7e,0x3b2897a8,0x0a146000,0x3174ba7e,0x00000000
0xdb061172,13146616.4.bin,0x31f7564c,0x24a29756,0x00000000,0x31f7564c,0x329abdf0
0xdb061172,13146616.4.bin,0x33e0f91b,0xf94118fe,0x00000000,0x33e0f91b,0xef793258
0xdb061172,13146616.4.bin,0x3692ba0d,0x6fe64b4f,0x00000000,0x3692ba0d,0x79de61e9
0xdb061172,13146616.4.bin,0x38e352cf,0x3aa60819,0x092d8500,0x38e352cf,0x2c9e22bf
0xdb061172,13146616.4.bin,0x3b94f202,0xc1067c46,0x00000000,0x3b94f202,0x00000000
0xdb061172,13146616.4.bin,0x3c131089,0x3505b14a,0x03620000,0x3c131089,0x233d9bec
0xdb061172,13146616.4.bin,0x42d7944b,0xce513401,0x092d3e00,0x42d7944b,0xd8691ea7
0xdb061172,13146616.4.bin,0x455e00ff,0x485bd8d5,0x00000000,0x455e00ff,0x5e63f273
0xdb061172,13146616.4.bin,0x46740834,0xe2c4dfc7,0x00000000,0x46740834,0x00000000
0xdb061172,13146616.4.bin,0x4baafe84,0xcad9f527,0x076b9800,0xe0618dcc,0x00000000
0xdb061172,13146616.4.bin,0x581ab137,0x8c91e142,0x00000000,0x581ab137,0x00000000
0xdb061172,13146616.4.bin,0x585a6188,0xac50df86,0x092d6900,0x585a6188,0xba68f520
0xdb061172,13146616.4.bin,0x5908615f,0x17f1ee63,0x00000000,0x5908615f,0x01c9c4c5
0xdb061172,13146616.4.bin,0x5a5441cb,0x033a18fd,0x00000000,0x5a5441cb,0x1502325b
0xdb061172,13146616.4.bin,0x5cc811f7,0x8b87205e,0x00000000,0x5cc811f7,0x9dbf0af8
0xdb061172,13146616.4.bin,0x5fa6efcf,0xc244c907,0x00000000,0x5fa6efcf,0xd47ce3a1
0xdb061172,13146616.4.bin,0x61de91f8,0x6c9243f3,0x00000000,0x61de91f8,0x7aaa6955
0xdb061172,13146616.4.bin,0x652c3db4,0xbf502945,0x00000000,0xdeeca4c1,0xa96803e3
0xdb061172,13146616.4.bin,0x6c1c6c71,0x7863d66f,0x076ba500,0xf57bbe8e,0x00000000
0xdb061172,13146616.4.bin,0x6d829a37,0x16ed99cd,0x00000000,0x6d829a37,0x00000000
0xdb061172,13146616.4.bin,0x72f831f4,0x62be501f,0x076b9800,0x1228f75f,0x00000000
0xdb061172,13146616.4.bin,0x78773224,0x920c16d2,0x01c3f200,0x78773224,0x84343c74
0xdb061172,13146616.4.bin,0x7d7614aa,0xa3bba583,0x092d8500,0x7d7614aa,0xb5838f25
0xdb061172,13146616.4.bin,0x805f7715,0x32b64004,0x01c3f200,0x805f7715,0x00000000
0xdb061172,13146616.4.bin,0x81aa07b7,0xc33d2df8,0x00d30000,0xc92a40bb,0x00000000
0xdb061172,13146616.4.bin,0x83aa4eb0,0x66dbfc08,0x076b9800,0x15c918a4,0x00000000
0xdb061172,13146616.4.bin,0x83b88a25,0xd6e2d156,0x076b9800,0xc6386e7c,0x00000000
0xdb061172,13146616.4.bin,0x86b63df0,0xe5bce2c4,0x092d8400,0x86b63df0,0xf384c862
0xdb061172,13146616.4.bin,0x87c9f821,0x23062071,0x00000000,0x87c9f821,0x00000000
0xdb061172,13146616.4.bin,0x8d16ae58,0x9c73bc2e,0x092d2200,0x8d16ae58,0x00000000
0xdb061172,13146616.4.bin,0x8d59156c,0x6c7dcc23,0x00000000,0x8d59156c,0x00000000
0xdb061172,13146616.4.bin,0x9098183f,0x32293880,0x00d30000,0xbc921aa6,0x00000000
0xdb061172,13146616.4.bin,0x936c7ad4,0xc51d5cd9,0x00000000,0x936c7ad4,0x00000000
0xdb061172,13146616.4.bin,0x9478e8bf,0xa861c87d,0x00d30000,0x3f1490d4,0x00000000
0xdb061172,13146616.4.bin,0x94c16510,0xe5fb4b0f,0x0a146000,0x94c16510,0x00000000
0xdb061172,13146616.4.bin,0x9576d460,0x768724ab,0x092d3e00,0x9576d460,0x60bf0e0d
0xdb061172,13146616.4.bin,0x962707e8,0x92fdaeb0,0x00380100,0x962707e8,0x84c58416
0xdb061172,13146616.4.bin,0x978db007,0xecf04a42,0x092d6800,0x978db007,0x00000000
0xdb061172,13146616.4.bin,0x97a69284,0x00000000,0x00000000,0x97a69284,0x00000000
0xdb061172,13146616.4.bin,0x9872c024,0x5a60641e,0x00000000,0x9872c024,0x4c584eb8
0xdb061172,13146616.4.bin,0x9d15c9d7,0x6e671d47,0x00000000,0x9d15c9d7,0x785f37e1
0xdb061172,13146616.4.bin,0x9dd8ec97,0xfaf37ed6,0x076b9800,0xd6764cdb,0x00000000
0xdb061172,13146616.4.bin,0x9e7269ed,0x984a8016,0x00380100,0xb57c6e4c,0x8e72aab0
0xdb061172,13146616.4.bin,0x9f41d347,0xa14813e2,0x00000000,0x9f41d347,0xb7703944
0xdb061172,13146616.4.bin,0xa48b1da1,0xc15a2e49,0x00000000,0xa48b1da1,0xd76204ef
0xdb061172,13146616.4.bin,0xac31d258,0x2a31149f,0x092d3e00,0xac31d258,0x3c093e39
0xdb061172,13146616.4.bin,0xaf1e269e,0x8b8df0df,0x00000000,0xaf1e269e,0x9db5da79
0xdb061172,13146616.4.bin,0xb07869ba,0xcbe2e5f4,0x076b9800,0x66361d8a,0x00000000
0xdb061172,13146616.4.bin,0xb3b3b105,0x9976d27d,0x076b9800,0xd582b4bc,0x00000000
0xdb061172,13146616.4.bin,0xb6718863,0xbd9aa11d,0x00d30000,0xda25a0c0,0x00000000
0xdb061172,13146616.4.bin,0xb87ad46f,0xf4f4477b,0x00000000,0xb87ad46f,0xe2cc6ddd
0xdb061172,13146616.4.bin,0xb89a5bf0,0xd6e2d156,0x00d30000,0x480b6963,0x00000000
0xdb061172,13146616.4.bin,0xb8e38c7d,0x886c7a61,0x076b9800,0xbc6706c3,0x00000000
0xdb061172,13146616.4.bin,0xbc14afd8,0xe54735f7,0x092d8500,0xbc14afd8,0xf37f1f51
0xdb061172,13146616.4.bin,0xbe39e5bf,0xe6ad89a6,0x076b9800,0xea832926,0x00000000
0xdb061172,13146616.4.bin,0xbf8fdbaa,0x462fb076,0x00d30000,0x739fd0e4,0x50179ad0
0xdb061172,13146616.4.bin,0xbf8fdbaa,0xb240fbbb,0x00000000,0xbfc84f31,0x00000000
0xdb061172,13146616.4.bin,0xcca3bbcb,0xf75df0ee,0x00d30000,0xbfc1cce6,0x00000000
0xdb061172,13146616.4.bin,0xced8a36d,0x63fed6a3,0x092d6900,0xced8a36d,0x00000000
0xdb061172,13146616.4.bin,0xdaf809c4,0x4616635f,0x00d30000,0x459866d7,0x00000000
0xdb061172,13146616.4.bin,0xdde605ce,0x6381bf1b,0x00000000,0xdde605ce,0x00000000
0xdb061172,13146616.4.bin,0xe08d024d,0x351c022d,0x00000000,0xe08d024d,0x00000000
0xdb061172,13146616.4.bin,0xe08f352c,0xef10fad4,0x076b9800,0x0a79cbb2,0x00000000
0xdb061172,13146616.4.bin,0xe08f352c,0xfa13829d,0x076b9800,0x80a9eb10,0xec2ba83b
0xdb061172,13146616.4.bin,0xe0bd0c86,0x0adcfdb1,0x00380100,0xe0bd0c86,0x1ce4d717
0xdb061172,13146616.4.bin,0xe51264e1,0xecb84d74,0x00d30000,0x551603dc,0x00000000
0xdb061172,13146616.4.bin,0xe5667bf5,0x8a9394bf,0x00000000,0xe5667bf5,0x00000000
0xdb061172,13146616.4.bin,0xe8203ae2,0x60103630,0x00000000,0xe8203ae2,0x76281c96
0xdb061172,13146616.4.bin,0xe999b707,0x26677aa8,0x076b9800,0x8851f2cd,0x305f500e
0xdb061172,13146616.4.bin,0xe999b707,0xef10fad4,0x00000000,0xd468fb0a,0x00000000
0xdb061172,13146616.4.bin,0xefd744c7,0xe7d209a8,0x00d30000,0xafe8a95a,0x00000000
0xdb061172,13146616.4.bin,0xf2cbbc30,0x0073dfe8,0x00000000,0xf2cbbc30,0x00000000
0xdbda86ad,13181116.4.bin,0xaa73d779,0x34a1cc48,0x009df900,0xde748ec3,0x00000000
0xdd08a02f,13181152.4.bin,0x00453f22,0x85d59ad4,0x095ab300,0x00453f22,0x93edb072
0xdd08a02f,13181152.4.bin,0x00f88b26,0x6c2109d8,0x00380100,0xb29ba356,0x00000000
0xdd08a02f,13181152.4.bin,0x0608c07b,0x2f8fdaaa,0x00380100,0x0608c07b,0x39b7f00c
0xdd08a02f,13181152.4.bin,0x0766109b,0x84385ae4,0x094b9000,0x73f4a8e1,0x00000000
0xdd08a02f,13181152.4.bin,0x08126717,0x0a3d1e0d,0x00000000,0x08126717,0x1c0534ab
0xdd08a02f,13181152.4.bin,0x11985e02,0x6b078f15,0x094b9000,0xa774bf57,0x00000000
0xdd08a02f,13181152.4.bin,0x127bfc43,0xfb177833,0x095a5d00,0x127bfc43,0xed2f5295
0xdd08a02f,13181152.4.bin,0x141eac79,0xa77538e6,0x00380100,0x9ec0bcbe,0x00000000
0xdd08a02f,13181152.4.bin,0x15d6182f,0x074dd133,0x00000000,0x15d6182f,0x1175fb95
0xdd08a02f,13181152.4.bin,0x171f5f58,0x3b90013e,0x071dc000,0xd58bb63d,0x00000000
0xdd08a02f,13181152.4.bin,0x1d489ffa,0x96eb9269,0x00000000,0xa45d2f4d,0x00000000
0xdd08a02f,13181152.4.bin,0x22555bf7,0x8419282e,0x00000000,0xb0ec1c9c,0x00000000
0xdd08a02f,13181152.4.bin,0x2c073ad6,0x14c5ba24,0x00000000,0x67aa2871,0x00000000
0xdd08a02f,13181152.4.bin,0x2c073ad6,0xef10fad4,0x00380100,0xd254dcce,0x00000000
0xdd08a02f,13181152.4.bin,0x3174ba7e,0x3b2897a8,0x00380100,0x3174ba7e,0x00000000
0xdd08a02f,13181152.4.bin,0x31f7564c,0x24a29756,0x00000000,0x31f7564c,0x329abdf0
0xdd08a02f,13181152.4.bin,0x3395d51d,0x5a06665a,0x00000000,0x3395d51d,0x4c3e4cfc
0xdd08a02f,13181152.4.bin,0x3692ba0d,0x6fe64b4f,0x00000000,0x3692ba0d,0x79de61e9
0xdd08a02f,13181152.4.bin,0x38e352cf,0x3aa60819,0x095a5e00,0x38e352cf,0x2c9e22bf
0xdd08a02f,13181152.4.bin,0x3b94f202,0xc1067c46,0x00000000,0x3b94f202,0x00000000
0xdd08a02f,13181152.4.bin,0x3c131089,0x3505b14a,0x00000000,0x3c131089,0x233d9bec
0xdd08a02f,13181152.4.bin,0x3ec1c154,0x12d2008b,0x00380100,0x5348cd05,0x00000000
0xdd08a02f,13181152.4.bin,0x42d7944b,0xce513401,0x095a5e00,0x42d7944b,0xd8691ea7
0xdd08a02f,13181152.4.bin,0x455e00ff,0x485bd8d5,0x00000000,0x455e00ff,0x5e63f273
0xdd08a02f,13181152.4.bin,0x46740834,0xe2c4dfc7,0x095b2200,0x46740834,0x00000000
0xdd08a02f,13181152.4.bin,0x49eb8f4a,0x94c70af4,0x00000000,0x49eb8f4a,0x82ff2052
0xdd08a02f,13181152.4.bin,0x4baafe84,0xcad9f527,0x00000000,0xe0618dcc,0x00000000
0xdd08a02f,13181152.4.bin,0x581ab137,0x8c91e142,0x00380500,0x581ab137,0x00000000
0xdd08a02f,13181152.4.bin,0x585a6188,0xac50df86,0x095ab400,0x585a6188,0xba68f520
0xdd08a02f,13181152.4.bin,0x5908615f,0x17f1ee63,0x00000000,0x5908615f,0x01c9c4c5
0xdd08a02f,13181152.4.bin,0x5bdb0233,0xa4d2c149,0x00000000,0x5bdb0233,0x00000000
0xdd08a02f,13181152.4.bin,0x5cc811f7,0x8b87205e,0x00000000,0x5cc811f7,0x9dbf0af8
0xdd08a02f,13181152.4.bin,0x5fa6efcf,0xc244c907,0x095a9e00,0x5fa6efcf,0xd47ce3a1
0xdd08a02f,13181152.4.bin,0x61de91f8,0x6c9243f3,0x00000000,0x61de91f8,0x7aaa6955
0xdd08a02f,13181152.4.bin,0x652c3db4,0xbf502945,0x00000000,0xdeeca4c1,0xa96803e3
0xdd08a02f,13181152.4.bin,0x693ec7bc,0xa753670b,0x00000000,0x693ec7bc,0xb16b4dad
0xdd08a02f,13181152.4.bin,0x6c1c6c71,0x7863d66f,0x094e1b00,0xf57bbe8e,0x00000000
0xdd08a02f,13181152.4.bin,0x72f831f4,0x62be501f,0x00380100,0x1228f75f,0x00000000
0xdd08a02f,13181152.4.bin,0x78bd5c4c,0x81d3c415,0x00000000,0x78bd5c4c,0x97ebeeb3
0xdd08a02f,13181152.4.bin,0x7d7614aa,0xa3bba583,0x095a9e00,0x7d7614aa,0xb5838f25
0xdd08a02f,13181152.4.bin,0x805f7715,0x32b64004,0x095ab400,0x805f7715,0x00000000
0xdd08a02f,13181152.4.bin,0x81aa07b7,0xc33d2df8,0x071dc000,0xc92a40bb,0x00000000
0xdd08a02f,13181152.4.bin,0x83aa4eb0,0x66dbfc08,0x00000000,0x15c918a4,0x00000000
0xdd08a02f,13181152.4.bin,0x83b88a25,0xd6e2d156,0x00380100,0xc6386e7c,0x00000000
0xdd08a02f,13181152.4.bin,0x857a37a4,0x5738e448,0x00000000,0x857a37a4,0x4100ceee
0xdd08a02f,13181152.4.bin,0x86b63df0,0xe5bce2c4,0x00000000,0x86b63df0,0xf384c862
0xdd08a02f,13181152.4.bin,0x8d16ae58,0x9c73bc2e,0x095a5d00,0x8d16ae58,0x00000000
0xdd08a02f,13181152.4.bin,0x9098183f,0x32293880,0x00380200,0xbc921aa6,0x00000000
0xdd08a02f,13181152.4.bin,0x9478e8bf,0xa861c87d,0x071dc000,0x3f1490d4,0x00000000
0xdd08a02f,13181152.4.bin,0x94c16510,0xe5fb4b0f,0x00000000,0x94c16510,0x00000000
0xdd08a02f,13181152.4.bin,0x9576d460,0x768724ab,0x095ab300,0x9576d460,0x60bf0e0d
0xdd08a02f,13181152.4.bin,0x962707e8,0x92fdaeb0,0x00000000,0x962707e8,0x84c58416
0xdd08a02f,13181152.4.bin,0x965ff7d1,0xc94f37a6,0x00380100,0x965ff7d1,0xdf771d00
0xdd08a02f,13181152.4.bin,0x978db007,0xecf04a42,0x095b2200,0x978db007,0x00000000
0xdd08a02f,13181152.4.bin,0x97a69284,0x00000000,0x00000000,0x97a69284,0x00000000
0xdd08a02f,13181152.4.bin,0x9872c024,0x5a60641e,0x095a9e00,0x9872c024,0x4c584eb8
0xdd08a02f,13181152.4.bin,0x9d31872c,0xde3b996b,0x00380100,0x9d31872c,0xc803b3cd
0xdd08a02f,13181152.4.bin,0x9dd8ec97,0xfaf37ed6,0x00380100,0xd6764cdb,0x00000000
0xdd08a02f,13181152.4.bin,0x9e7269ed,0x984a8016,0x00380500,0xb57c6e4c,0x8e72aab0
0xdd08a02f,13181152.4.bin,0x9f41d347,0xa14813e2,0x00000000,0x9f41d347,0xb7703944
0xdd08a02f,13181152.4.bin,0xac31d258,0x2a31149f,0x095ab200,0xac31d258,0x3c093e39
0xdd08a02f,13181152.4.bin,0xaf1e269e,0x8b8df0df,0x00380100,0xaf1e269e,0x9db5da79
0xdd08a02f,13181152.4.bin,0xb07869ba,0xcbe2e5f4,0x00380100,0x66361d8a,0x00000000
0xdd08a02f,13181152.4.bin,0xb3b3b105,0x9976d27d,0x009ea100,0xd582b4bc,0x00000000
0xdd08a02f,13181152.4.bin,0xb6718863,0xbd9aa11d,0x00380100,0xda25a0c0,0x00000000
0xdd08a02f,13181152.4.bin,0xb87ad46f,0xf4f4477b,0x00000000,0xb87ad46f,0xe2cc6ddd
0xdd08a02f,13181152.4.bin,0xb89a5bf0,0xd6e2d156,0x071dc000,0x480b6963,0x00000000
0xdd08a02f,13181152.4.bin,0xbc14afd8,0xe54735f7,0x095ab200,0xbc14afd8,0xf37f1f51
0xdd08a02f,13181152.4.bin,0xbe39e5bf,0xe6ad89a6,0x009e6200,0xea832926,0x00000000
0xdd08a02f,13181152.4.bin,0xbf8fdbaa,0x462fb076,0x071dc000,0x739fd0e4,0x50179ad0
0xdd08a02f,13181152.4.bin,0xbf8fdbaa,0xb240fbbb,0x00000000,0xbfc84f31,0x00000000
0xdd08a02f,13181152.4.bin,0xcca3bbcb,0xf75df0ee,0x094e1d00,0xbfc1cce6,0x00000000
0xdd08a02f,13181152.4.bin,0xced8a36d,0x63fed6a3,0x095a9e00,0xced8a36d,0x00000000
0xdd08a02f,13181152.4.bin,0xdaf809c4,0x4616635f,0x071dc000,0x459866d7,0x00000000
0xdd08a02f,13181152.4.bin,0xdde605ce,0x6381bf1b,0x00000000,0xdde605ce,0x00000000
0xdd08a02f,13181152.4.bin,0xe08d024d,0x351c022d,0x00000000,0xe08d024d,0x00000000
0xdd08a02f,13181152.4.bin,0xe08f352c,0xef10fad4,0x00000000,0x0a79cbb2,0x00000000
0xdd08a02f,13181152.4.bin,0xe08f352c,0xfa13829d,0x009e8100,0x80a9eb10,0xec2ba83b
0xdd08a02f,13181152.4.bin,0xe51264e1,0xecb84d74,0x00380400,0x551603dc,0x00000000
0xdd08a02f,13181152.4.bin,0xe5667bf5,0x8a9394bf,0x00380100,0xe5667bf5,0x00000000
0xdd08a02f,13181152.4.bin,0xe8203ae2,0x60103630,0x00000000,0xe8203ae2,0x76281c96
0xdd08a02f,13181152.4.bin,0xe952ba52,0xd0cad93f,0x00000000,0xe952ba52,0xc6f2f399
0xdd08a02f,13181152.4.bin,0xe999b707,0x26677aa8,0x00000000,0x8851f2cd,0x305f500e
0xdd08a02f,13181152.4.bin,0xe999b707,0xef10fad4,0x00000000,0xd468fb0a,0x00000000
0xdd08a02f,13181152.4.bin,0xefd744c7,0xe7d209a8,0x071dc000,0xafe8a95a,0x00000000
0xdd08a02f,13181152.4.bin,0xf2cbbc30,0x0073dfe8,0x00000000,0xf2cbbc30,0x00000000
0xdd08a02f,13181152.4.bin,0xfda2fc8f,0x630f9c99,0x00000000,0xfda2fc8f,0x7537b63f
0xe56bfe17,13304132.4.bin,0x27e7cb05,0x9734768d,0x092d1b00,0x27e7cb05,0x810c5c2b
0xe56bfe17,13304132.4.bin,0x28498919,0x37a0fef1,0x0a519f00,0x28498919,0x2198d457
0xe56bfe17,13304132.4.bin,0x2de15520,0xa4b24fb8,0x0a500900,0x2de15520,0xb28a651e
0xe56bfe17,13304132.4.bin,0xb24bf9a3,0x4b28c329,0x0a482400,0x307a99c1,0x00000000
0xe56bfe17,13304132.4.bin,0xb24bf9a3,0xef10fad4,0x0962cb00,0x643597cc,0x00000000
0xe56bfe17,13304132.4.bin,0xc9535a02,0xa0051abc,0x0a519f00,0xc9535a02,0xb63d301a
0xe56bfe17,13304132.4.bin,0xe5a13cc2,0xa9199ec9,0x0a2c7c00,0xe5a13cc2,0xbf21b46f
0xe56bfe17,13304132.4.bin,0xe5e1b14f,0x129da472,0x0a42a600,0x1395d149,0x00000000
0xe56bfe17,13304132.4.bin,0xe5e1b14f,0xef10fad4,0x0a3a2800,0x1e1d8ff5,0x00000000
0xe56bfe17,13304132.4.bin,0xf29adb15,0x5b7f2540,0x0a3ab900,0x05308326,0x00000000
0xe56bfe17,13304132.4.bin,0xf29adb15,0xef10fad4,0x0a2edf00,0xedd87637,0x00000000
0xe56bfe17,13304132.4.bin,0xf3ab8a11,0xd8e64dbb,0x0a599e00,0xf3ab8a11,0xcede671d
0xe75f20a4,13304484.4.bin,0x00453f22,0x85d59ad4,0x00000000,0x00453f22,0x93edb072
0xe75f20a4,13304484.4.bin,0x0766109b,0x84385ae4,0x0a3aba00,0x73f4a8e1,0x00000000
0xe75f20a4,13304484.4.bin,0x0f925cab,0xba8a0448,0x09629e00,0x0f925cab,0x00000000
0xe75f20a4,13304484.4.bin,0x10588dfe,0x512f3e8b,0x00000000,0x10588dfe,0x4717142d
0xe75f20a4,13304484.4.bin,0x115dcc2a,0xb81d42e3,0x00380100,0x289f6327,0x00000000
0xe75f20a4,13304484.4.bin,0x11985e02,0x6b078f15,0x0a3aba00,0xa774bf57,0x00000000
0xe75f20a4,13304484.4.bin,0x16b0060f,0xc93be868,0x034e6100,0x16b0060f,0xdf03c2ce
0xe75f20a4,13304484.4.bin,0x171f5f58,0x3b90013e,0x0a3aba00,0xd58bb63d,0x00000000
0xe75f20a4,13304484.4.bin,0x1d489ffa,0x96eb9269,0x00000000,0xa45d2f4d,0x00000000
0xe75f20a4,13304484.4.bin,0x22555bf7,0x8419282e,0x00380100,0xb0ec1c9c,0x00000000
0xe75f20a4,13304484.4.bin,0x256bcad6,0x001e671c,0x00000000,0x256bcad6,0x16264dba
0xe75f20a4,13304484.4.bin,0x2b9c2231,0x323d5153,0x00000000,0x2b9c2231,0x24057bf5
0xe75f20a4,13304484.4.bin,0x2c073ad6,0x14c5ba24,0x00000000,0x67aa2871,0x00000000
0xe75f20a4,13304484.4.bin,0x2c073ad6,0xef10fad4,0x00380100,0xd254dcce,0x00000000
0xe75f20a4,13304484.4.bin,0x2e293027,0xb8e211b4,0x0a179c00,0x2e293027,0xaeda3b12
0xe75f20a4,13304484.4.bin,0x344eff50,0xc28dbe6f,0x0861c700,0x344eff50,0xd4b594c9
0xe75f20a4,13304484.4.bin,0x36940b07,0x24d8c2fa,0x00000000,0x36940b07,0x00000000
0xe75f20a4,13304484.4.bin,0x4b6cbe2c,0x9548c1f4,0x00000000,0x4b6cbe2c,0x8370eb52
0xe75f20a4,13304484.4.bin,0x4baafe84,0xcad9f527,0x00000000,0xe0618dcc,0x00000000
0xe75f20a4,13304484.4.bin,0x53a01f34,0x1243d993,0x00000000,0x53a01f34,0x047bf335
0xe75f20a4,13304484.4.bin,0x572f7778,0x63090790,0x0a325200,0x572f7778,0x75312d36
0xe75f20a4,13304484.4.bin,0x5bdb0233,0xa4d2c149,0x00000000,0x5bdb0233,0x00000000
0xe75f20a4,13304484.4.bin,0x5cc811f7,0x8b87205e,0x00000000,0x5cc811f7,0x9dbf0af8
0xe75f20a4,13304484.4.bin,0x652c3db4,0xbf502945,0x00380100,0xdeeca4c1,0xa96803e3
0xe75f20a4,13304484.4.bin,0x6572bcfb,0xfe16b96a,0x0a177000,0x6572bcfb,0xe82e93cc
0xe75f20a4,13304484.4.bin,0x67e9eb41,0x4b10597f,0x00000000,0x67e9eb41,0x5d2873d9
0xe75f20a4,13304484.4.bin,0x682e3da0,0xc62bb164,0x00380100,0x682e3da0,0xd0139bc2
0xe75f20a4,13304484.4.bin,0x68916db5,0x0defce9d,0x00000000,0x68916db5,0x00000000
0xe75f20a4,13304484.4.bin,0x68ef1f90,0x09edba1a,0x09629d00,0x68ef1f90,0x1fd590bc
0xe75f20a4,13304484.4.bin,0x6a9b83bc,0x12bf557b,0x00380100,0x6a9b83bc,0x04877fdd
0xe75f20a4,13304484.4.bin,0x6c1c6c71,0x7863d66f,0x0a355a00,0xf57bbe8e,0x00000000
0xe75f20a4,13304484.4.bin,0x72f831f4,0x62be501f,0x00380100,0x1228f75f,0x00000000
0xe75f20a4,13304484.4.bin,0x78bd5c4c,0x81d3c415,0x00000000,0x78bd5c4c,0x97ebeeb3
0xe75f20a4,13304484.4.bin,0x81aa07b7,0xc33d2df8,0x0a3aba00,0xc92a40bb,0x00000000
0xe75f20a4,13304484.4.bin,0x83959b66,0x043a762b,0x00000000,0x83959b66,0x12025c8d
0xe75f20a4,13304484.4.bin,0x83aa4eb0,0x66dbfc08,0x00380100,0x15c918a4,0x00000000
0xe75f20a4,13304484.4.bin,0x83b88a25,0xd6e2d156,0x00000000,0xc6386e7c,0x00000000
0xe75f20a4,13304484.4.bin,0x8ef65ddc,0xa6b72ce0,0x0a334000,0x8ef65ddc,0xb08f0646
0xe75f20a4,13304484.4.bin,0x8f424011,0xd6123125,0x00000000,0x8f424011,0xc02a1b83
0xe75f20a4,13304484.4.bin,0x9098183f,0x32293880,0x0a3aba00,0xbc921aa6,0x00000000
0xe75f20a4,13304484.4.bin,0x9478e8bf,0xa861c87d,0x0a3aba00,0x3f1490d4,0x00000000
0xe75f20a4,13304484.4.bin,0x94c16510,0xe5fb4b0f,0x00000000,0x94c16510,0x00000000
0xe75f20a4,13304484.4.bin,0x95057d60,0xde24c442,0x00000000,0x95057d60,0x00000000
0xe75f20a4,13304484.4.bin,0x9716e10a,0xa343e053,0x00000000,0x9716e10a,0xb57bcaf5
0xe75f20a4,13304484.4.bin,0x9dd8ec97,0xfaf37ed6,0x00380100,0xd6764cdb,0x00000000
0xe75f20a4,13304484.4.bin,0x9e7269ed,0x984a8016,0x00380100,0xb57c6e4c,0x8e72aab0
0xe75f20a4,13304484.4.bin,0xa0b4cce3,0xac78bc73,0x00000000,0xa0b4cce3,0xba4096d5
0xe75f20a4,13304484.4.bin,0xa16af65a,0x784b0ec7,0x00000000,0xa16af65a,0x6e732461
0xe75f20a4,13304484.4.bin,0xa727e192,0x9aeca930,0x0a386000,0xa727e192,0x00000000
0xe75f20a4,13304484.4.bin,0xaf1e269e,0x8b8df0df,0x00000000,0xaf1e269e,0x9db5da79
0xe75f20a4,13304484.4.bin,0xb07869ba,0xcbe2e5f4,0x00380100,0x66361d8a,0x00000000
0xe75f20a4,13304484.4.bin,0xb3492920,0xab1bb70a,0x00000000,0xb3492920,0x00000000
0xe75f20a4,13304484.4.bin,0xb5a67fdc,0xc9272c4f,0x00000000,0xb5a67fdc,0xdf1f06e9
0xe75f20a4,13304484.4.bin,0xb5afd344,0xa86cbe93,0x00000000,0xb5afd344,0x00000000
0xe75f20a4,13304484.4.bin,0xb6718863,0xbd9aa11d,0x00380200,0xda25a0c0,0x00000000
0xe75f20a4,13304484.4.bin,0xb8738007,0x6577721d,0x0a094900,0xb8738007,0x734f58bb
0xe75f20a4,13304484.4.bin,0xb87ad46f,0xf4f4477b,0x0a277b00,0xb87ad46f,0xe2cc6ddd
0xe75f20a4,13304484.4.bin,0xb89a5bf0,0xd6e2d156,0x0a3aba00,0x480b6963,0x00000000
0xe75f20a4,13304484.4.bin,0xbb623b8f,0x1c8bc0fe,0x00000000,0xbb623b8f,0x0ab3ea58
0xe75f20a4,13304484.4.bin,0xbbc51af4,0xf7867577,0x00000000,0xbbc51af4,0xe1be5fd1
0xe75f20a4,13304484.4.bin,0xbe39e5bf,0xe6ad89a6,0x00380100,0xea832926,0x00000000
0xe75f20a4,13304484.4.bin,0xbf8fdbaa,0x462fb076,0x0a3aba00,0x739fd0e4,0x50179ad0
0xe75f20a4,13304484.4.bin,0xbf8fdbaa,0xb240fbbb,0x00000000,0xbfc84f31,0x00000000
0xe75f20a4,13304484.4.bin,0xc1a135cd,0x5f1bab0e,0x00000000,0xc1a135cd,0x492381a8
0xe75f20a4,13304484.4.bin,0xc1daa320,0x806c1f68,0x009e5b00,0xc1daa320,0x00000000
0xe75f20a4,13304484.4.bin,0xc8827230,0x8d1ca536,0x0a290200,0xc8827230,0x9b248f90
0xe75f20a4,13304484.4.bin,0xcca3bbcb,0xf75df0ee,0x0a355c00,0xbfc1cce6,0x00000000
0xe75f20a4,13304484.4.bin,0xcfca7e93,0x6ecbf5d1,0x00380100,0x3d3378be,0x00000000
0xe75f20a4,13304484.4.bin,0xd5c3b623,0x933523be,0x00000000,0xd5c3b623,0x850d0918
0xe75f20a4,13304484.4.bin,0xdaf809c4,0x4616635f,0x0a3aba00,0x459866d7,0x00000000
0xe75f20a4,13304484.4.bin,0xdf06ef4c,0xd7aee14d,0x00380100,0xdf06ef4c,0xc196cbeb
0xe75f20a4,13304484.4.bin,0xe08f352c,0xef10fad4,0x00380100,0x0a79cbb2,0x00000000
0xe75f20a4,13304484.4.bin,0xe08f352c,0xfa13829d,0x00000000,0x80a9eb10,0xec2ba83b
0xe75f20a4,13304484.4.bin,0xe47ced5c,0xe2eda162,0x00000000,0xe47ced5c,0xf4d58bc4
0xe75f20a4,13304484.4.bin,0xe51264e1,0xecb84d74,0x0a3aba00,0x551603dc,0x00000000
0xe75f20a4,13304484.4.bin,0xe919d794,0x1af04702,0x00000000,0x83bf62a8,0x00000000
0xe75f20a4,13304484.4.bin,0xe999b707,0x26677aa8,0x0a3a5b00,0x8851f2cd,0x305f500e
0xe75f20a4,13304484.4.bin,0xe999b707,0xef10fad4,0x00000000,0xd468fb0a,0x00000000
0xe75f20a4,13304484.4.bin,0xea00e970,0x6af0feed,0x095b1200,0xea00e970,0x7cc8d44b
0xe75f20a4,13304484.4.bin,0xeb932047,0x14c611ec,0x0a32ed00,0xeb932047,0x02fe3b4a
0xe75f20a4,13304484.4.bin,0xefd744c7,0xe7d209a8,0x0a3aba00,0xafe8a95a,0x00000000
0xe75f20a4,13304484.4.bin,0xfda2fc8f,0x630f9c99,0x00000000,0xfda2fc8f,0x7537b63f
0xed44a8fd,13368304.4.bin,0x00453f22,0x85d59ad4,0x0a30b000,0x00453f22,0x93edb072
0xed44a8fd,13368304.4.bin,0x0766109b,0x84385ae4,0x0a334000,0x73f4a8e1,0x00000000
0xed44a8fd,13368304.4.bin,0x0f925cab,0xba8a0448,0x01002000,0x0f925cab,0x00000000
0xed44a8fd,13368304.4.bin,0x10588dfe,0x512f3e8b,0x00000000,0x10588dfe,0x4717142d
0xed44a8fd,13368304.4.bin,0x11985e02,0x6b078f15,0x0a334000,0xa774bf57,0x00000000
0xed44a8fd,13368304.4.bin,0x127bfc43,0xfb177833,0x00000000,0x127bfc43,0xed2f5295
0xed44a8fd,13368304.4.bin,0x16b0060f,0xc93be868,0x00000000,0x16b0060f,0xdf03c2ce
0xed44a8fd,13368304.4.bin,0x171f5f58,0x3b90013e,0x0a32ed00,0xd58bb63d,0x00000000
0xed44a8fd,13368304.4.bin,0x1d489ffa,0x96eb9269,0x00380100,0xa45d2f4d,0x00000000
0xed44a8fd,13368304.4.bin,0x22555bf7,0x8419282e,0x00380100,0xb0ec1c9c,0x00000000
0xed44a8fd,13368304.4.bin,0x25ccebad,0xeb13d295,0x01002d00,0x25ccebad,0xfd2bf833
0xed44a8fd,13368304.4.bin,0x2a2b0964,0x96c07daa,0x00380100,0x2a2b0964,0x80f8570c
0xed44a8fd,13368304.4.bin,0x2b432aba,0x760bb013,0x0a30b000,0x2b432aba,0x00000000
0xed44a8fd,13368304.4.bin,0x2b9c2231,0x323d5153,0x00000000,0x2b9c2231,0x24057bf5
0xed44a8fd,13368304.4.bin,0x2c073ad6,0x14c5ba24,0x00380100,0x67aa2871,0x00000000
0xed44a8fd,13368304.4.bin,0x2c073ad6,0xef10fad4,0x00380100,0xd254dcce,0x00000000
0xed44a8fd,13368304.4.bin,0x2e293027,0xb8e211b4,0x00000000,0x2e293027,0xaeda3b12
0xed44a8fd,13368304.4.bin,0x3395d51d,0x5a06665a,0x01002c00,0x3395d51d,0x4c3e4cfc
0xed44a8fd,13368304.4.bin,0x344eff50,0xc28dbe6f,0x00380100,0x344eff50,0xd4b594c9
0xed44a8fd,13368304.4.bin,0x36940b07,0x24d8c2fa,0x01002e00,0x36940b07,0x00000000
0xed44a8fd,13368304.4.bin,0x4b6cbe2c,0x9548c1f4,0x00000000,0x4b6cbe2c,0x8370eb52
0xed44a8fd,13368304.4.bin,0x4baafe84,0xcad9f527,0x00000000,0xe0618dcc,0x00000000
0xed44a8fd,13368304.4.bin,0x51981f77,0xbfc69b4c,0x00380100,0x51981f77,0xa9feb1ea
0xed44a8fd,13368304.4.bin,0x572f7778,0x63090790,0x00000000,0x572f7778,0x75312d36
0xed44a8fd,13368304.4.bin,0x581ab137,0x8c91e142,0x00000000,0x581ab137,0x00000000
0xed44a8fd,13368304.4.bin,0x5bdb0233,0xa4d2c149,0x00000000,0x5bdb0233,0x00000000
0xed44a8fd,13368304.4.bin,0x5deb5b7b,0x9581b950,0x00380100,0x43652c89,0x00000000
0xed44a8fd,13368304.4.bin,0x60075ef3,0x1a9ae40b,0x00380100,0xfdbf7ac5,0x00000000
0xed44a8fd,13368304.4.bin,0x652c3db4,0xbf502945,0x00380100,0xdeeca4c1,0xa96803e3
0xed44a8fd,13368304.4.bin,0x6572bcfb,0xfe16b96a,0x0a30b000,0x6572bcfb,0xe82e93cc
0xed44a8fd,13368304.4.bin,0x6643a56f,0xc73fabcc,0x00000000,0x6643a56f,0xd107816a
0xed44a8fd,13368304.4.bin,0x682e3da0,0xc62bb164,0x01002000,0x682e3da0,0xd0139bc2
0xed44a8fd,13368304.4.bin,0x68ef1f90,0x09edba1a,0x00000000,0x68ef1f90,0x1fd590bc
0xed44a8fd,13368304.4.bin,0x6a9b83bc,0x12bf557b,0x01002e00,0x6a9b83bc,0x04877fdd
0xed44a8fd,13368304.4.bin,0x6c1c6c71,0x7863d66f,0x0a35cc00,0xf57bbe8e,0x00000000
0xed44a8fd,13368304.4.bin,0x72f831f4,0x62be501f,0x0a324800,0x1228f75f,0x00000000
0xed44a8fd,13368304.4.bin,0x73f21cb4,0x8b5d90e1,0x00000000,0x73f21cb4,0x00000000
0xed44a8fd,13368304.4.bin,0x78bd5c4c,0x81d3c415,0x0a1b9400,0x78bd5c4c,0x97ebeeb3
0xed44a8fd,13368304.4.bin,0x81aa07b7,0xc33d2df8,0x0a32ed00,0xc92a40bb,0x00000000
0xed44a8fd,13368304.4.bin,0x83959b66,0x043a762b,0x00000000,0x83959b66,0x12025c8d
0xed44a8fd,13368304.4.bin,0x83aa4eb0,0x66dbfc08,0x0a326e00,0x15c918a4,0x00000000
0xed44a8fd,13368304.4.bin,0x83b88a25,0xd6e2d156,0x00000000,0xc6386e7c,0x00000000
0xed44a8fd,13368304.4.bin,0x8db49190,0x139b10e5,0x00380100,0x84453df5,0x00000000
0xed44a8fd,13368304.4.bin,0x8db49190,0xef10fad4,0x00380100,0xf5ab586e,0x00000000
0xed44a8fd,13368304.4.bin,0x8ef65ddc,0xa6b72ce0,0x00000000,0x8ef65ddc,0xb08f0646
0xed44a8fd,13368304.4.bin,0x8f424011,0xd6123125,0x00000000,0x8f424011,0xc02a1b83
0xed44a8fd,13368304.4.bin,0x9098183f,0x32293880,0x0a334000,0xbc921aa6,0x00000000
0xed44a8fd,13368304.4.bin,0x914a84df,0x1989dc45,0x00380100,0xd2760a3f,0x00000000
0xed44a8fd,13368304.4.bin,0x9478e8bf,0xa861c87d,0x0a32ed00,0x3f1490d4,0x00000000
0xed44a8fd,13368304.4.bin,0x94c16510,0xe5fb4b0f,0x01002e00,0x94c16510,0x00000000
0xed44a8fd,13368304.4.bin,0x95057d60,0xde24c442,0x00000000,0x95057d60,0x00000000
0xed44a8fd,13368304.4.bin,0x9716e10a,0xa343e053,0x00000000,0x9716e10a,0xb57bcaf5
0xed44a8fd,13368304.4.bin,0x9dd8ec97,0xfaf37ed6,0x00380100,0xd6764cdb,0x00000000
0xed44a8fd,13368304.4.bin,0x9e7269ed,0x984a8016,0x00380100,0xb57c6e4c,0x8e72aab0
0xed44a8fd,13368304.4.bin,0xa727e192,0x9aeca930,0x00000000,0xa727e192,0x00000000
0xed44a8fd,13368304.4.bin,0xad8942b9,0x61e58945,0x00000000,0xad8942b9,0x77dda3e3
0xed44a8fd,13368304.4.bin,0xaf1e269e,0x8b8df0df,0x00000000,0xaf1e269e,0x9db5da79
0xed44a8fd,13368304.4.bin,0xb07869ba,0xcbe2e5f4,0x00380100,0x66361d8a,0x00000000
0xed44a8fd,13368304.4.bin,0xb3492920,0xab1bb70a,0x00000000,0xb3492920,0x00000000
0xed44a8fd,13368304.4.bin,0xb5a67fdc,0xc9272c4f,0x01002e00,0xb5a67fdc,0xdf1f06e9
0xed44a8fd,13368304.4.bin,0xb6718863,0xbd9aa11d,0x0a32ed00,0xda25a0c0,0x00000000
0xed44a8fd,13368304.4.bin,0xb8738007,0x6577721d,0x00380100,0xb8738007,0x734f58bb
0xed44a8fd,13368304.4.bin,0xb87ad46f,0xf4f4477b,0x01002d00,0xb87ad46f,0xe2cc6ddd
0xed44a8fd,13368304.4.bin,0xb89a5bf0,0xd6e2d156,0x0a32ed00,0x480b6963,0x00000000
0xed44a8fd,13368304.4.bin,0xbb623b8f,0x1c8bc0fe,0x01002000,0xbb623b8f,0x0ab3ea58
0xed44a8fd,13368304.4.bin,0xbf8fdbaa,0x462fb076,0x0a32ed00,0x739fd0e4,0x50179ad0
0xed44a8fd,13368304.4.bin,0xbf8fdbaa,0xb240fbbb,0x00000000,0xbfc84f31,0x00000000
0xed44a8fd,13368304.4.bin,0xc1a135cd,0x5f1bab0e,0x00000000,0xc1a135cd,0x492381a8
0xed44a8fd,13368304.4.bin,0xc1daa320,0x806c1f68,0x00000000,0xc1daa320,0x00000000
0xed44a8fd,13368304.4.bin,0xc77d4554,0x0fe2cafe,0x00380100,0x0575d413,0x00000000
0xed44a8fd,13368304.4.bin,0xc8827230,0x8d1ca536,0x00000000,0xc8827230,0x9b248f90
0xed44a8fd,13368304.4.bin,0xcca3bbcb,0xf75df0ee,0x0a35ce00,0xbfc1cce6,0x00000000
0xed44a8fd,13368304.4.bin,0xd5c3b623,0x933523be,0x00000000,0xd5c3b623,0x850d0918
0xed44a8fd,13368304.4.bin,0xdaf809c4,0x4616635f,0x00380400,0x459866d7,0x00000000
0xed44a8fd,13368304.4.bin,0xdf06ef4c,0xd7aee14d,0x0755ed00,0xdf06ef4c,0xc196cbeb
0xed44a8fd,13368304.4.bin,0xe08f352c,0xef10fad4,0x00380100,0x0a79cbb2,0x00000000
0xed44a8fd,13368304.4.bin,0xe08f352c,0xfa13829d,0x00000000,0x80a9eb10,0xec2ba83b
0xed44a8fd,13368304.4.bin,0xe47ced5c,0xe2eda162,0x00000000,0xe47ced5c,0xf4d58bc4
0xed44a8fd,13368304.4.bin,0xe51264e1,0xecb84d74,0x00380200,0x551603dc,0x00000000
0xed44a8fd,13368304.4.bin,0xe5667bf5,0x8a9394bf,0x00000000,0xe5667bf5,0x00000000
0xed44a8fd,13368304.4.bin,0xe919d794,0x1af04702,0x00380100,0x83bf62a8,0x00000000
0xed44a8fd,13368304.4.bin,0xe999b707,0x26677aa8,0x00000000,0x8851f2cd,0x305f500e
0xed44a8fd,13368304.4.bin,0xe999b707,0xef10fad4,0x00000000,0xd468fb0a,0x00000000
0xed44a8fd,13368304.4.bin,0xea00e970,0x6af0feed,0x00380100,0xea00e970,0x7cc8d44b
0xed44a8fd,13368304.4.bin,0xeb932047,0x14c611ec,0x00380100,0xeb932047,0x02fe3b4a
0xed44a8fd,13368304.4.bin,0xec1fe738,0xc14b10d7,0x00380100,0xec1fe738,0xd7733a71
0xed44a8fd,13368304.4.bin,0xedeaa8ba,0x3b3124cf,0x01002d00,0xedeaa8ba,0x2d090e69
0xed44a8fd,13368304.4.bin,0xefd744c7,0xe7d209a8,0x0a32ed00,0xafe8a95a,0x00000000
0xed44a8fd,13368304.4.bin,0xf9fc9947,0xc2a364f7,0x00380100,0xe0a48f51,0x00000000
0xed44a8fd,13368304.4.bin,0xfc797264,0x37c9f4db,0x0a1b9400,0xfc797264,0x21f1de7d
0xed44a8fd,13368304.4.bin,0xfda2fc8f,0x630f9c99,0x0a1b9400,0xfda2fc8f,0x7537b63f
0xf3683016,13376260.4.bin,0x00453f22,0x85d59ad4,0x00af3100,0x00453f22,0x93edb072
0xf3683016,13376260.4.bin,0x00f88b26,0x6c2109d8,0x00380100,0xb29ba356,0x00000000
0xf3683016,13376260.4.bin,0x0608c07b,0x2f8fdaaa,0x00000000,0x0608c07b,0x39b7f00c
0xf3683016,13376260.4.bin,0x0766109b,0x84385ae4,0x00380100,0x73f4a8e1,0x00000000
0xf3683016,13376260.4.bin,0x08126717,0x0a3d1e0d,0x00000000,0x08126717,0x1c0534ab
0xf3683016,13376260.4.bin,0x0a86d48c,0x8e5ad5b9,0x00380100,0x0a86d48c,0x9862ff1f
0xf3683016,13376260.4.bin,0x11985e02,0x6b078f15,0x00380100,0xa774bf57,0x00000000
0xf3683016,13376260.4.bin,0x127bfc43,0xfb177833,0x09584a00,0x127bfc43,0xed2f5295
0xf3683016,13376260.4.bin,0x15d6182f,0x074dd133,0x00000000,0x15d6182f,0x1175fb95
0xf3683016,13376260.4.bin,0x171f5f58,0x3b90013e,0x0a2e2000,0xd58bb63d,0x00000000
0xf3683016,13376260.4.bin,0x1d489ffa,0x96eb9269,0x00380100,0xa45d2f4d,0x00000000
0xf3683016,13376260.4.bin,0x22555bf7,0x8419282e,0x00380100,0xb0ec1c9c,0x00000000
0xf3683016,13376260.4.bin,0x27e7cb05,0x9734768d,0x00380100,0x27e7cb05,0x810c5c2b
0xf3683016,13376260.4.bin,0x3174ba7e,0x3b2897a8,0x00000000,0x3174ba7e,0x00000000
0xf3683016,13376260.4.bin,0x31f7564c,0x24a29756,0x00000000,0x31f7564c,0x329abdf0
0xf3683016,13376260.4.bin,0x33e0f91b,0xf94118fe,0x00000000,0x33e0f91b,0xef793258
0xf3683016,13376260.4.bin,0x3692ba0d,0x6fe64b4f,0x00000000,0x3692ba0d,0x79de61e9
0xf3683016,13376260.4.bin,0x38e352cf,0x3aa60819,0x08613d00,0x38e352cf,0x2c9e22bf
0xf3683016,13376260.4.bin,0x3b94f202,0xc1067c46,0x00380100,0x3b94f202,0x00000000
0xf3683016,13376260.4.bin,0x3c131089,0x3505b14a,0x00000000,0x3c131089,0x233d9bec
0xf3683016,13376260.4.bin,0x3ec1c154,0x12d2008b,0x00380100,0x5348cd05,0x00000000
0xf3683016,13376260.4.bin,0x42d7944b,0xce513401,0x09584400,0x42d7944b,0xd8691ea7
0xf3683016,13376260.4.bin,0x455e00ff,0x485bd8d5,0x00380100,0x455e00ff,0x5e63f273
0xf3683016,13376260.4.bin,0x46740834,0xe2c4dfc7,0x0a1cf400,0x46740834,0x00000000
0xf3683016,13376260.4.bin,0x5407aeda,0x45c9810f,0x00000000,0x5407aeda,0x53f1aba9
0xf3683016,13376260.4.bin,0x581ab137,0x8c91e142,0x00000000,0x581ab137,0x00000000
0xf3683016,13376260.4.bin,0x585a6188,0xac50df86,0x02b38000,0x585a6188,0xba68f520
0xf3683016,13376260.4.bin,0x5908615f,0x17f1ee63,0x00380100,0x5908615f,0x01c9c4c5
0xf3683016,13376260.4.bin,0x5bdb0233,0xa4d2c149,0x00000000,0x5bdb0233,0x00000000
0xf3683016,13376260.4.bin,0x5cc811f7,0x8b87205e,0x00380400,0x5cc811f7,0x9dbf0af8
0xf3683016,13376260.4.bin,0x5deb5b7b,0x9581b950,0x00380100,0x43652c89,0x00000000
0xf3683016,13376260.4.bin,0x5fa6efcf,0xc244c907,0x04895f00,0x5fa6efcf,0xd47ce3a1
0xf3683016,13376260.4.bin,0x61de91f8,0x6c9243f3,0x00000000,0x61de91f8,0x7aaa6955
0xf3683016,13376260.4.bin,0x6312a83f,0x683c3069,0x00380100,0x6312a83f,0x7e041acf
0xf3683016,13376260.4.bin,0x652c3db4,0xbf502945,0x00000000,0xdeeca4c1,0xa96803e3
0xf3683016,13376260.4.bin,0x6643a56f,0xc73fabcc,0x00380100,0x6643a56f,0xd107816a
0xf3683016,13376260.4.bin,0x693ec7bc,0xa753670b,0x00380100,0x693ec7bc,0xb16b4dad
0xf3683016,13376260.4.bin,0x6c1c6c71,0x7863d66f,0x0a30a800,0xf57bbe8e,0x00000000
0xf3683016,13376260.4.bin,0x72f831f4,0x62be501f,0x00000000,0x1228f75f,0x00000000
0xf3683016,13376260.4.bin,0x78bd5c4c,0x81d3c415,0x00000000,0x78bd5c4c,0x97ebeeb3
0xf3683016,13376260.4.bin,0x7d7614aa,0xa3bba583,0x04895f00,0x7d7614aa,0xb5838f25
0xf3683016,13376260.4.bin,0x80477923,0x80d3309a,0x00000000,0x80477923,0x96eb1a3c
0xf3683016,13376260.4.bin,0x805f7715,0x32b64004,0x0a19c600,0x805f7715,0x00000000
0xf3683016,13376260.4.bin,0x81aa07b7,0xc33d2df8,0x0a2e2000,0xc92a40bb,0x00000000
0xf3683016,13376260.4.bin,0x83aa4eb0,0x66dbfc08,0x00380200,0x15c918a4,0x00000000
0xf3683016,13376260.4.bin,0x857a37a4,0x5738e448,0x00000000,0x857a37a4,0x4100ceee
0xf3683016,13376260.4.bin,0x86b63df0,0xe5bce2c4,0x00000000,0x86b63df0,0xf384c862
0xf3683016,13376260.4.bin,0x8d16ae58,0x9c73bc2e,0x09539000,0x8d16ae58,0x00000000
0xf3683016,13376260.4.bin,0x9098183f,0x32293880,0x00380300,0xbc921aa6,0x00000000
0xf3683016,13376260.4.bin,0x9478e8bf,0xa861c87d,0x00380100,0x3f1490d4,0x00000000
0xf3683016,13376260.4.bin,0x94c16510,0xe5fb4b0f,0x00000000,0x94c16510,0x00000000
0xf3683016,13376260.4.bin,0x9576d460,0x768724ab,0x00afa600,0x9576d460,0x60bf0e0d
0xf3683016,13376260.4.bin,0x978db007,0xecf04a42,0x09550700,0x978db007,0x00000000
0xf3683016,13376260.4.bin,0x9872c024,0x5a60641e,0x06c9bb00,0x9872c024,0x4c584eb8
0xf3683016,13376260.4.bin,0x9a105d9a,0xa6ed6931,0x00000000,0x9a105d9a,0x00000000
0xf3683016,13376260.4.bin,0x9dd8ec97,0xfaf37ed6,0x00380200,0xd6764cdb,0x00000000
0xf3683016,13376260.4.bin,0x9e7269ed,0x984a8016,0x00380100,0xb57c6e4c,0x8e72aab0
0xf3683016,13376260.4.bin,0x9f41d347,0xa14813e2,0x00000000,0x9f41d347,0xb7703944
0xf3683016,13376260.4.bin,0xac31d258,0x2a31149f,0x08613d00,0xac31d258,0x3c093e39
0xf3683016,13376260.4.bin,0xae30f7d0,0x6f694bc4,0x00380100,0xae30f7d0,0x79516162
0xf3683016,13376260.4.bin,0xaf1e269e,0x8b8df0df,0x00000000,0xaf1e269e,0x9db5da79
0xf3683016,13376260.4.bin,0xb07869ba,0xcbe2e5f4,0x00380100,0x66361d8a,0x00000000
0xf3683016,13376260.4.bin,0xb436f977,0x59a8c759,0x00380100,0xb436f977,0x00000000
0xf3683016,13376260.4.bin,0xb6718863,0xbd9aa11d,0x00380300,0xda25a0c0,0x00000000
0xf3683016,13376260.4.bin,0xb87ad46f,0xf4f4477b,0x00000000,0xb87ad46f,0xe2cc6ddd
0xf3683016,13376260.4.bin,0xb89a5bf0,0xd6e2d156,0x0a2e2000,0x480b6963,0x00000000
0xf3683016,13376260.4.bin,0xb8e38c7d,0x886c7a61,0x00380100,0xbc6706c3,0x00000000
0xf3683016,13376260.4.bin,0xbc14afd8,0xe54735f7,0x00bf5900,0xbc14afd8,0xf37f1f51
0xf3683016,13376260.4.bin,0xbf8fdbaa,0x462fb076,0x0a2e2000,0x739fd0e4,0x50179ad0
0xf3683016,13376260.4.bin,0xbf8fdbaa,0xb240fbbb,0x00000000,0xbfc84f31,0x00000000
0xf3683016,13376260.4.bin,0xc9535a02,0xa0051abc,0x00000000,0xc9535a02,0xb63d301a
0xf3683016,13376260.4.bin,0xcac3e3ef,0x2fe574ab,0x00000000,0xcac3e3ef,0x39dd5e0d
0xf3683016,13376260.4.bin,0xcca3bbcb,0xf75df0ee,0x0a30ab00,0xbfc1cce6,0x00000000
0xf3683016,13376260.4.bin,0xced8a36d,0x63fed6a3,0x09539000,0xced8a36d,0x00000000
0xf3683016,13376260.4.bin,0xcfca7e93,0x6ecbf5d1,0x00380100,0x3d3378be,0x00000000
0xf3683016,13376260.4.bin,0xdaf809c4,0x4616635f,0x0a2e2000,0x459866d7,0x00000000
0xf3683016,13376260.4.bin,0xdde605ce,0x6381bf1b,0x00000000,0xdde605ce,0x00000000
0xf3683016,13376260.4.bin,0xe08d024d,0x351c022d,0x00380100,0xe08d024d,0x00000000
0xf3683016,13376260.4.bin,0xe08f352c,0xef10fad4,0x00000000,0x0a79cbb2,0x00000000
0xf3683016,13376260.4.bin,0xe08f352c,0xfa13829d,0x00000000,0x80a9eb10,0xec2ba83b
0xf3683016,13376260.4.bin,0xe0bd0c86,0x0adcfdb1,0x00380100,0xe0bd0c86,0x1ce4d717
0xf3683016,13376260.4.bin,0xe51264e1,0xecb84d74,0x00380500,0x551603dc,0x00000000
0xf3683016,13376260.4.bin,0xe5667bf5,0x8a9394bf,0x00000000,0xe5667bf5,0x00000000
0xf3683016,13376260.4.bin,0xe8203ae2,0x60103630,0x08616400,0xe8203ae2,0x76281c96
0xf3683016,13376260.4.bin,0xe999b707,0x26677aa8,0x00000000,0x8851f2cd,0x305f500e
0xf3683016,13376260.4.bin,0xe999b707,0xef10fad4,0x00380100,0xd468fb0a,0x00000000
0xf3683016,13376260.4.bin,0xedeaa8ba,0x3b3124cf,0x00000000,0xedeaa8ba,0x2d090e69
0xf3683016,13376260.4.bin,0xefd744c7,0xe7d209a8,0x0a2e2000,0xafe8a95a,0x00000000
0xf3683016,13376260.4.bin,0xf2cbbc30,0x0073dfe8,0x00000000,0xf2cbbc30,0x00000000
0xf3683016,13376260.4.bin,0xfda2fc8f,0x630f9c99,0x00000000,0xfda2fc8f,0x7537b63f
0xf973b84f,13418044.4.bin,0x00453f22,0x85d59ad4,0x01ba1300,0x00453f22,0x93edb072
0xf973b84f,13418044.4.bin,0x0608c07b,0x2f8fdaaa,0x00000000,0x0608c07b,0x39b7f00c
0xf973b84f,13418044.4.bin,0x0766109b,0x84385ae4,0x00380300,0x73f4a8e1,0x00000000
0xf973b84f,13418044.4.bin,0x08126717,0x0a3d1e0d,0x00000000,0x08126717,0x1c0534ab
0xf973b84f,13418044.4.bin,0x0a86d48c,0x8e5ad5b9,0x00380100,0x0a86d48c,0x9862ff1f
0xf973b84f,13418044.4.bin,0x0fc9f96a,0x949b8969,0x00380100,0x142e5048,0x82a3a3cf
0xf973b84f,13418044.4.bin,0x0fc9f96a,0xef10fad4,0x00000000,0xbbdbdef0,0x00000000
0xf973b84f,13418044.4.bin,0x11985e02,0x6b078f15,0x00380400,0xa774bf57,0x00000000
0xf973b84f,13418044.4.bin,0x127bfc43,0xfb177833,0x0a0c8d00,0x127bfc43,0xed2f5295
0xf973b84f,13418044.4.bin,0x141eac79,0xa77538e6,0x00000000,0x9ec0bcbe,0x00000000
0xf973b84f,13418044.4.bin,0x15d6182f,0x074dd133,0x00000000,0x15d6182f,0x1175fb95
0xf973b84f,13418044.4.bin,0x171f5f58,0x3b90013e,0x0a290000,0xd58bb63d,0x00000000
0xf973b84f,13418044.4.bin,0x1d489ffa,0x96eb9269,0x00000000,0xa45d2f4d,0x00000000
0xf973b84f,13418044.4.bin,0x22555bf7,0x8419282e,0x00380200,0xb0ec1c9c,0x00000000
0xf973b84f,13418044.4.bin,0x27e7cb05,0x9734768d,0x00380100,0x27e7cb05,0x810c5c2b
0xf973b84f,13418044.4.bin,0x2c073ad6,0x14c5ba24,0x00000000,0x67aa2871,0x00000000
0xf973b84f,13418044.4.bin,0x2c073ad6,0xef10fad4,0x00380100,0xd254dcce,0x00000000
0xf973b84f,13418044.4.bin,0x3174ba7e,0x3b2897a8,0x00000000,0x3174ba7e,0x00000000
0xf973b84f,13418044.4.bin,0x31f7564c,0x24a29756,0x00000000,0x31f7564c,0x329abdf0
0xf973b84f,13418044.4.bin,0x33e0f91b,0xf94118fe,0x00000000,0x33e0f91b,0xef793258
0xf973b84f,13418044.4.bin,0x3692ba0d,0x6fe64b4f,0x00000000,0x3692ba0d,0x79de61e9
0xf973b84f,13418044.4.bin,0x38e352cf,0x3aa60819,0x0a1ceb00,0x38e352cf,0x2c9e22bf
0xf973b84f,13418044.4.bin,0x3b94f202,0xc1067c46,0x00000000,0x3b94f202,0x00000000
0xf973b84f,13418044.4.bin,0x3c131089,0x3505b14a,0x00000000,0x3c131089,0x233d9bec
0xf973b84f,13418044.4.bin,0x42d7944b,0xce513401,0x00afa700,0x42d7944b,0xd8691ea7
0xf973b84f,13418044.4.bin,0x455e00ff,0x485bd8d5,0x00380100,0x455e00ff,0x5e63f273
0xf973b84f,13418044.4.bin,0x46740834,0xe2c4dfc7,0x02b38000,0x46740834,0x00000000
0xf973b84f,13418044.4.bin,0x5407aeda,0x45c9810f,0x00000000,0x5407aeda,0x53f1aba9
0xf973b84f,13418044.4.bin,0x581ab137,0x8c91e142,0x00000000,0x581ab137,0x00000000
0xf973b84f,13418044.4.bin,0x585a6188,0xac50df86,0x06c9bb00,0x585a6188,0xba68f520
0xf973b84f,13418044.4.bin,0x5908615f,0x17f1ee63,0x00000000,0x5908615f,0x01c9c4c5
0xf973b84f,13418044.4.bin,0x5bdb0233,0xa4d2c149,0x00000000,0x5bdb0233,0x00000000
0xf973b84f,13418044.4.bin,0x5cc811f7,0x8b87205e,0x00380100,0x5cc811f7,0x9dbf0af8
0xf973b84f,13418044.4.bin,0x5fa6efcf,0xc244c907,0x08616400,0x5fa6efcf,0xd47ce3a1
0xf973b84f,13418044.4.bin,0x61de91f8,0x6c9243f3,0x00000000,0x61de91f8,0x7aaa6955
0xf973b84f,13418044.4.bin,0x6312a83f,0x683c3069,0x00380100,0x6312a83f,0x7e041acf
0xf973b84f,13418044.4.bin,0x652c3db4,0xbf502945,0x00000000,0xdeeca4c1,0xa96803e3
0xf973b84f,13418044.4.bin,0x6643a56f,0xc73fabcc,0x00380100,0x6643a56f,0xd107816a
0xf973b84f,13418044.4.bin,0x693ec7bc,0xa753670b,0x00380100,0x693ec7bc,0xb16b4dad
0xf973b84f,13418044.4.bin,0x6c1c6c71,0x7863d66f,0x08807d00,0xf57bbe8e,0x00000000
0xf973b84f,13418044.4.bin,0x72f831f4,0x62be501f,0x00380100,0x1228f75f,0x00000000
0xf973b84f,13418044.4.bin,0x75b7dc6c,0x4f807497,0x00380100,0x6c32a2a5,0x00000000
0xf973b84f,13418044.4.bin,0x78bd5c4c,0x81d3c415,0x00000000,0x78bd5c4c,0x97ebeeb3
0xf973b84f,13418044.4.bin,0x7d7614aa,0xa3bba583,0x08616400,0x7d7614aa,0xb5838f25
0xf973b84f,13418044.4.bin,0x80477923,0x80d3309a,0x00000000,0x80477923,0x96eb1a3c
0xf973b84f,13418044.4.bin,0x805f7715,0x32b64004,0x00000000,0x805f7715,0x00000000
0xf973b84f,13418044.4.bin,0x81aa07b7,0xc33d2df8,0x0a290000,0xc92a40bb,0x00000000
0xf973b84f,13418044.4.bin,0x822067cb,0x03b81854,0x00380100,0x02cd7740,0x00000000
0xf973b84f,13418044.4.bin,0x83aa4eb0,0x66dbfc08,0x0861c400,0x15c918a4,0x00000000
0xf973b84f,13418044.4.bin,0x83b88a25,0xd6e2d156,0x00380100,0xc6386e7c,0x00000000
0xf973b84f,13418044.4.bin,0x857a37a4,0x5738e448,0x00000000,0x857a37a4,0x4100ceee
0xf973b84f,13418044.4.bin,0x86b63df0,0xe5bce2c4,0x00000000,0x86b63df0,0xf384c862
0xf973b84f,13418044.4.bin,0x8d16ae58,0x9c73bc2e,0x02b39900,0x8d16ae58,0x00000000
0xf973b84f,13418044.4.bin,0x9098183f,0x32293880,0x0a290000,0xbc921aa6,0x00000000
0xf973b84f,13418044.4.bin,0x9478e8bf,0xa861c87d,0x00380400,0x3f1490d4,0x00000000
0xf973b84f,13418044.4.bin,0x94c16510,0xe5fb4b0f,0x00000000,0x94c16510,0x00000000
0xf973b84f,13418044.4.bin,0x9576d460,0x768724ab,0x09546000,0x9576d460,0x60bf0e0d
0xf973b84f,13418044.4.bin,0x978db007,0xecf04a42,0x06291e00,0x978db007,0x00000000
0xf973b84f,13418044.4.bin,0x9872c024,0x5a60641e,0x09545e00,0x9872c024,0x4c584eb8
0xf973b84f,13418044.4.bin,0x9dd8ec97,0xfaf37ed6,0x00380100,0xd6764cdb,0x00000000
0xf973b84f,13418044.4.bin,0x9e7269ed,0x984a8016,0x00380100,0xb57c6e4c,0x8e72aab0
0xf973b84f,13418044.4.bin,0x9f41d347,0xa14813e2,0x00000000,0x9f41d347,0xb7703944
0xf973b84f,13418044.4.bin,0xac31d258,0x2a31149f,0x00af0a00,0xac31d258,0x3c093e39
0xf973b84f,13418044.4.bin,0xae30f7d0,0x6f694bc4,0x00000000,0xae30f7d0,0x79516162
0xf973b84f,13418044.4.bin,0xaf1e269e,0x8b8df0df,0x00000000,0xaf1e269e,0x9db5da79
0xf973b84f,13418044.4.bin,0xb07869ba,0xcbe2e5f4,0x00380100,0x66361d8a,0x00000000
0xf973b84f,13418044.4.bin,0xb24bf9a3,0x4b28c329,0x00380100,0x307a99c1,0x00000000
0xf973b84f,13418044.4.bin,0xb24bf9a3,0xef10fad4,0x00380400,0x643597cc,0x00000000
0xf973b84f,13418044.4.bin,0xb436f977,0x59a8c759,0x00380100,0xb436f977,0x00000000
0xf973b84f,13418044.4.bin,0xb6718863,0xbd9aa11d,0x0a277000,0xda25a0c0,0x00000000
0xf973b84f,13418044.4.bin,0xb87ad46f,0xf4f4477b,0x00000000,0xb87ad46f,0xe2cc6ddd
0xf973b84f,13418044.4.bin,0xb89a5bf0,0xd6e2d156,0x00380100,0x480b6963,0x00000000
0xf973b84f,13418044.4.bin,0xbc14afd8,0xe54735f7,0x0a1cfc00,0xbc14afd8,0xf37f1f51
0xf973b84f,13418044.4.bin,0xbf8fdbaa,0x462fb076,0x0a290000,0x739fd0e4,0x50179ad0
0xf973b84f,13418044.4.bin,0xbf8fdbaa,0xb240fbbb,0x00000000,0xbfc84f31,0x00000000
0xf973b84f,13418044.4.bin,0xc77d4554,0x0fe2cafe,0x00380500,0x0575d413,0x00000000
0xf973b84f,13418044.4.bin,0xc9535a02,0xa0051abc,0x00000000,0xc9535a02,0xb63d301a
0xf973b84f,13418044.4.bin,0xcac3e3ef,0x2fe574ab,0x00000000,0xcac3e3ef,0x39dd5e0d
0xf973b84f,13418044.4.bin,0xcca3bbcb,0xf75df0ee,0x08807f00,0xbfc1cce6,0x00000000
0xf973b84f,13418044.4.bin,0xced8a36d,0x63fed6a3,0x08614c00,0xced8a36d,0x00000000
0xf973b84f,13418044.4.bin,0xcfca7e93,0x6ecbf5d1,0x00000000,0x3d3378be,0x00000000
0xf973b84f,13418044.4.bin,0xdaf809c4,0x4616635f,0x0a290000,0x459866d7,0x00000000
0xf973b84f,13418044.4.bin,0xdde605ce,0x6381bf1b,0x00000000,0xdde605ce,0x00000000
0xf973b84f,13418044.4.bin,0xe08d024d,0x351c022d,0x00380100,0xe08d024d,0x00000000
0xf973b84f,13418044.4.bin,0xe08f352c,0xef10fad4,0x00380200,0x0a79cbb2,0x00000000
0xf973b84f,13418044.4.bin,0xe08f352c,0xfa13829d,0x00000000,0x80a9eb10,0xec2ba83b
0xf973b84f,13418044.4.bin,0xe0bd0c86,0x0adcfdb1,0x00380100,0xe0bd0c86,0x1ce4d717
0xf973b84f,13418044.4.bin,0xe51264e1,0xecb84d74,0x0a290000,0x551603dc,0x00000000
0xf973b84f,13418044.4.bin,0xe5667bf5,0x8a9394bf,0x00000000,0xe5667bf5,0x00000000
0xf973b84f,13418044.4.bin,0xe5e1b14f,0x129da472,0x0861e400,0x1395d149,0x00000000
0xf973b84f,13418044.4.bin,0xe5e1b14f,0xef10fad4,0x0861e400,0x1e1d8ff5,0x00000000
0xf973b84f,13418044.4.bin,0xe8203ae2,0x60103630,0x02b37a00,0xe8203ae2,0x76281c96
0xf973b84f,13418044.4.bin,0xedeaa8ba,0x3b3124cf,0x00000000,0xedeaa8ba,0x2d090e69
0xf973b84f,13418044.4.bin,0xefd744c7,0xe7d209a8,0x00380300,0xafe8a95a,0x00000000
0xf973b84f,13418044.4.bin,0xf29adb15,0x5b7f2540,0x00380300,0x05308326,0x00000000
0xf973b84f,13418044.4.bin,0xf29adb15,0xef10fad4,0x00380100,0xedd87637,0x00000000
0xf973b84f,13418044.4.bin,0xf2cbbc30,0x0073dfe8,0x00000000,0xf2cbbc30,0x00000000
0xf973b84f,13418044.4.bin,0xfd9d88e6,0x70921b51,0x00380100,0x4ba30b54,0x00000000
0xf973b84f,13418044.4.bin,0xfda2fc8f,0x630f9c99,0x00000000,0xfda2fc8f,0x7537b63f